Volumename,nii_path
train_1000_a_1.nii.gz,/mnt/hwfile/medai/zhangxiaoman/DATA/CT-RATE/dataset/train_preprocessed/train_1000/train_1000a/train_1000_a_1.nii.gz
train_1001_a_1.nii.gz,/mnt/hwfile/medai/zhangxiaoman/DATA/CT-RATE/dataset/train_preprocessed/train_1001/train_1001a/train_1001_a_1.nii.gz
train_1001_b_1.nii.gz,/mnt/hwfile/medai/zhangxiaoman/DATA/CT-RATE/dataset/train_preprocessed/train_1001/train_1001b/train_1001_b_1.nii.gz
train_1002_a_1.nii.gz,/mnt/hwfile/medai/zhangxiaoman/DATA/CT-RATE/dataset/train_preprocessed/train_1002/train_1002a/train_1002_a_1.nii.gz
train_1002_b_1.nii.gz,/mnt/hwfile/medai/zhangxiaoman/DATA/CT-RATE/dataset/train_preprocessed/train_1002/train_1002b/train_1002_b_1.nii.gz
train_1003_a_1.nii.gz,/mnt/hwfile/medai/zhangxiaoman/DATA/CT-RATE/dataset/train_preprocessed/train_1003/train_1003a/train_1003_a_1.nii.gz
train_1004_a_1.nii.gz,/mnt/hwfile/medai/zhangxiaoman/DATA/CT-RATE/dataset/train_preprocessed/train_1004/train_1004a/train_1004_a_1.nii.gz
train_1004_b_1.nii.gz,/mnt/hwfile/medai/zhangxiaoman/DATA/CT-RATE/dataset/train_preprocessed/train_1004/train_1004b/train_1004_b_1.nii.gz
train_1005_a_1.nii.gz,/mnt/hwfile/medai/zhangxiaoman/DATA/CT-RATE/dataset/train_preprocessed/train_1005/train_1005a/train_1005_a_1.nii.gz
train_1006_a_1.nii.gz,/mnt/hwfile/medai/zhangxiaoman/DATA/CT-RATE/dataset/train_preprocessed/train_1006/train_1006a/train_1006_a_1.nii.gz
train_1007_a_1.nii.gz,/mnt/hwfile/medai/zhangxiaoman/DATA/CT-RATE/dataset/train_preprocessed/train_1007/train_1007a/train_1007_a_1.nii.gz
train_1008_a_1.nii.gz,/mnt/hwfile/medai/zhangxiaoman/DATA/CT-RATE/dataset/train_preprocessed/train_1008/train_1008a/train_1008_a_1.nii.gz
train_1009_a_1.nii.gz,/mnt/hwfile/medai/zhangxiaoman/DATA/CT-RATE/dataset/train_preprocessed/train_1009/train_1009a/train_1009_a_1.nii.gz
train_100_a_1.nii.gz,/mnt/hwfile/medai/zhangxiaoman/DATA/CT-RATE/dataset/train_preprocessed/train_100/train_100a/train_100_a_1.nii.gz
train_1010_a_1.nii.gz,/mnt/hwfile/medai/zhangxiaoman/DATA/CT-RATE/dataset/train_preprocessed/train_1010/train_1010a/train_1010_a_1.nii.gz
train_1011_a_1.nii.gz,/mnt/hwfile/medai/zhangxiaoman/DATA/CT-RATE/dataset/train_preprocessed/train_1011/train_1011a/train_1011_a_1.nii.gz
train_1012_a_1.nii.gz,/mnt/hwfile/medai/zhangxiaoman/DATA/CT-RATE/dataset/train_preprocessed/train_1012/train_1012a/train_1012_a_1.nii.gz
train_1013_a_1.nii.gz,/mnt/hwfile/medai/zhangxiaoman/DATA/CT-RATE/dataset/train_preprocessed/train_1013/train_1013a/train_1013_a_1.nii.gz
train_1014_a_1.nii.gz,/mnt/hwfile/medai/zhangxiaoman/DATA/CT-RATE/dataset/train_preprocessed/train_1014/train_1014a/train_1014_a_1.nii.gz
train_1015_a_1.nii.gz,/mnt/hwfile/medai/zhangxiaoman/DATA/CT-RATE/dataset/train_preprocessed/train_1015/train_1015a/train_1015_a_1.nii.gz
train_1016_a_1.nii.gz,/mnt/hwfile/medai/zhangxiaoman/DATA/CT-RATE/dataset/train_preprocessed/train_1016/train_1016a/train_1016_a_1.nii.gz
train_1017_a_1.nii.gz,/mnt/hwfile/medai/zhangxiaoman/DATA/CT-RATE/dataset/train_preprocessed/train_1017/train_1017a/train_1017_a_1.nii.gz
train_1018_a_1.nii.gz,/mnt/hwfile/medai/zhangxiaoman/DATA/CT-RATE/dataset/train_preprocessed/train_1018/train_1018a/train_1018_a_1.nii.gz
train_1019_a_1.nii.gz,/mnt/hwfile/medai/zhangxiaoman/DATA/CT-RATE/dataset/train_preprocessed/train_1019/train_1019a/train_1019_a_1.nii.gz
train_101_a_1.nii.gz,/mnt/hwfile/medai/zhangxiaoman/DATA/CT-RATE/dataset/train_preprocessed/train_101/train_101a/train_101_a_1.nii.gz
train_101_b_1.nii.gz,/mnt/hwfile/medai/zhangxiaoman/DATA/CT-RATE/dataset/train_preprocessed/train_101/train_101b/train_101_b_1.nii.gz
train_1020_a_1.nii.gz,/mnt/hwfile/medai/zhangxiaoman/DATA/CT-RATE/dataset/train_preprocessed/train_1020/train_1020a/train_1020_a_1.nii.gz
train_1021_a_1.nii.gz,/mnt/hwfile/medai/zhangxiaoman/DATA/CT-RATE/dataset/train_preprocessed/train_1021/train_1021a/train_1021_a_1.nii.gz
train_1022_a_1.nii.gz,/mnt/hwfile/medai/zhangxiaoman/DATA/CT-RATE/dataset/train_preprocessed/train_1022/train_1022a/train_1022_a_1.nii.gz
train_1022_a_11.nii.gz,/mnt/hwfile/medai/zhangxiaoman/DATA/CT-RATE/dataset/train_preprocessed/train_1022/train_1022a/train_1022_a_11.nii.gz
train_1023_a_1.nii.gz,/mnt/hwfile/medai/zhangxiaoman/DATA/CT-RATE/dataset/train_preprocessed/train_1023/train_1023a/train_1023_a_1.nii.gz
train_1024_a_1.nii.gz,/mnt/hwfile/medai/zhangxiaoman/DATA/CT-RATE/dataset/train_preprocessed/train_1024/train_1024a/train_1024_a_1.nii.gz
train_1025_a_1.nii.gz,/mnt/hwfile/medai/zhangxiaoman/DATA/CT-RATE/dataset/train_preprocessed/train_1025/train_1025a/train_1025_a_1.nii.gz
train_1026_a_1.nii.gz,/mnt/hwfile/medai/zhangxiaoman/DATA/CT-RATE/dataset/train_preprocessed/train_1026/train_1026a/train_1026_a_1.nii.gz
train_1027_a_1.nii.gz,/mnt/hwfile/medai/zhangxiaoman/DATA/CT-RATE/dataset/train_preprocessed/train_1027/train_1027a/train_1027_a_1.nii.gz
train_1028_a_1.nii.gz,/mnt/hwfile/medai/zhangxiaoman/DATA/CT-RATE/dataset/train_preprocessed/train_1028/train_1028a/train_1028_a_1.nii.gz
train_1029_a_1.nii.gz,/mnt/hwfile/medai/zhangxiaoman/DATA/CT-RATE/dataset/train_preprocessed/train_1029/train_1029a/train_1029_a_1.nii.gz
train_102_a_1.nii.gz,/mnt/hwfile/medai/zhangxiaoman/DATA/CT-RATE/dataset/train_preprocessed/train_102/train_102a/train_102_a_1.nii.gz
train_102_b_1.nii.gz,/mnt/hwfile/medai/zhangxiaoman/DATA/CT-RATE/dataset/train_preprocessed/train_102/train_102b/train_102_b_1.nii.gz
train_102_c_1.nii.gz,/mnt/hwfile/medai/zhangxiaoman/DATA/CT-RATE/dataset/train_preprocessed/train_102/train_102c/train_102_c_1.nii.gz
train_1030_a_1.nii.gz,/mnt/hwfile/medai/zhangxiaoman/DATA/CT-RATE/dataset/train_preprocessed/train_1030/train_1030a/train_1030_a_1.nii.gz
train_1031_a_1.nii.gz,/mnt/hwfile/medai/zhangxiaoman/DATA/CT-RATE/dataset/train_preprocessed/train_1031/train_1031a/train_1031_a_1.nii.gz
train_1032_a_1.nii.gz,/mnt/hwfile/medai/zhangxiaoman/DATA/CT-RATE/dataset/train_preprocessed/train_1032/train_1032a/train_1032_a_1.nii.gz
train_1033_a_1.nii.gz,/mnt/hwfile/medai/zhangxiaoman/DATA/CT-RATE/dataset/train_preprocessed/train_1033/train_1033a/train_1033_a_1.nii.gz
train_1034_a_1.nii.gz,/mnt/hwfile/medai/zhangxiaoman/DATA/CT-RATE/dataset/train_preprocessed/train_1034/train_1034a/train_1034_a_1.nii.gz
train_1035_a_1.nii.gz,/mnt/hwfile/medai/zhangxiaoman/DATA/CT-RATE/dataset/train_preprocessed/train_1035/train_1035a/train_1035_a_1.nii.gz
train_1036_a_1.nii.gz,/mnt/hwfile/medai/zhangxiaoman/DATA/CT-RATE/dataset/train_preprocessed/train_1036/train_1036a/train_1036_a_1.nii.gz
train_1037_a_1.nii.gz,/mnt/hwfile/medai/zhangxiaoman/DATA/CT-RATE/dataset/train_preprocessed/train_1037/train_1037a/train_1037_a_1.nii.gz
train_1038_a_1.nii.gz,/mnt/hwfile/medai/zhangxiaoman/DATA/CT-RATE/dataset/train_preprocessed/train_1038/train_1038a/train_1038_a_1.nii.gz
train_1039_a_1.nii.gz,/mnt/hwfile/medai/zhangxiaoman/DATA/CT-RATE/dataset/train_preprocessed/train_1039/train_1039a/train_1039_a_1.nii.gz
train_103_a_1.nii.gz,/mnt/hwfile/medai/zhangxiaoman/DATA/CT-RATE/dataset/train_preprocessed/train_103/train_103a/train_103_a_1.nii.gz
train_1040_a_1.nii.gz,/mnt/hwfile/medai/zhangxiaoman/DATA/CT-RATE/dataset/train_preprocessed/train_1040/train_1040a/train_1040_a_1.nii.gz
train_1041_a_1.nii.gz,/mnt/hwfile/medai/zhangxiaoman/DATA/CT-RATE/dataset/train_preprocessed/train_1041/train_1041a/train_1041_a_1.nii.gz
train_1041_b_1.nii.gz,/mnt/hwfile/medai/zhangxiaoman/DATA/CT-RATE/dataset/train_preprocessed/train_1041/train_1041b/train_1041_b_1.nii.gz
train_1042_a_1.nii.gz,/mnt/hwfile/medai/zhangxiaoman/DATA/CT-RATE/dataset/train_preprocessed/train_1042/train_1042a/train_1042_a_1.nii.gz
train_1043_a_1.nii.gz,/mnt/hwfile/medai/zhangxiaoman/DATA/CT-RATE/dataset/train_preprocessed/train_1043/train_1043a/train_1043_a_1.nii.gz
train_1044_a_1.nii.gz,/mnt/hwfile/medai/zhangxiaoman/DATA/CT-RATE/dataset/train_preprocessed/train_1044/train_1044a/train_1044_a_1.nii.gz
train_1045_a_1.nii.gz,/mnt/hwfile/medai/zhangxiaoman/DATA/CT-RATE/dataset/train_preprocessed/train_1045/train_1045a/train_1045_a_1.nii.gz
train_1046_a_1.nii.gz,/mnt/hwfile/medai/zhangxiaoman/DATA/CT-RATE/dataset/train_preprocessed/train_1046/train_1046a/train_1046_a_1.nii.gz
train_1046_b_1.nii.gz,/mnt/hwfile/medai/zhangxiaoman/DATA/CT-RATE/dataset/train_preprocessed/train_1046/train_1046b/train_1046_b_1.nii.gz
train_1047_a_1.nii.gz,/mnt/hwfile/medai/zhangxiaoman/DATA/CT-RATE/dataset/train_preprocessed/train_1047/train_1047a/train_1047_a_1.nii.gz
train_1048_a_1.nii.gz,/mnt/hwfile/medai/zhangxiaoman/DATA/CT-RATE/dataset/train_preprocessed/train_1048/train_1048a/train_1048_a_1.nii.gz
train_1049_a_1.nii.gz,/mnt/hwfile/medai/zhangxiaoman/DATA/CT-RATE/dataset/train_preprocessed/train_1049/train_1049a/train_1049_a_1.nii.gz
train_104_a_1.nii.gz,/mnt/hwfile/medai/zhangxiaoman/DATA/CT-RATE/dataset/train_preprocessed/train_104/train_104a/train_104_a_1.nii.gz
train_1050_a_1.nii.gz,/mnt/hwfile/medai/zhangxiaoman/DATA/CT-RATE/dataset/train_preprocessed/train_1050/train_1050a/train_1050_a_1.nii.gz
train_1051_a_1.nii.gz,/mnt/hwfile/medai/zhangxiaoman/DATA/CT-RATE/dataset/train_preprocessed/train_1051/train_1051a/train_1051_a_1.nii.gz
train_1052_a_1.nii.gz,/mnt/hwfile/medai/zhangxiaoman/DATA/CT-RATE/dataset/train_preprocessed/train_1052/train_1052a/train_1052_a_1.nii.gz
train_1053_a_1.nii.gz,/mnt/hwfile/medai/zhangxiaoman/DATA/CT-RATE/dataset/train_preprocessed/train_1053/train_1053a/train_1053_a_1.nii.gz
train_1054_a_1.nii.gz,/mnt/hwfile/medai/zhangxiaoman/DATA/CT-RATE/dataset/train_preprocessed/train_1054/train_1054a/train_1054_a_1.nii.gz
train_1055_a_1.nii.gz,/mnt/hwfile/medai/zhangxiaoman/DATA/CT-RATE/dataset/train_preprocessed/train_1055/train_1055a/train_1055_a_1.nii.gz
train_1056_a_1.nii.gz,/mnt/hwfile/medai/zhangxiaoman/DATA/CT-RATE/dataset/train_preprocessed/train_1056/train_1056a/train_1056_a_1.nii.gz
train_1057_a_1.nii.gz,/mnt/hwfile/medai/zhangxiaoman/DATA/CT-RATE/dataset/train_preprocessed/train_1057/train_1057a/train_1057_a_1.nii.gz
train_1058_a_1.nii.gz,/mnt/hwfile/medai/zhangxiaoman/DATA/CT-RATE/dataset/train_preprocessed/train_1058/train_1058a/train_1058_a_1.nii.gz
train_1059_a_1.nii.gz,/mnt/hwfile/medai/zhangxiaoman/DATA/CT-RATE/dataset/train_preprocessed/train_1059/train_1059a/train_1059_a_1.nii.gz
train_105_a_1.nii.gz,/mnt/hwfile/medai/zhangxiaoman/DATA/CT-RATE/dataset/train_preprocessed/train_105/train_105a/train_105_a_1.nii.gz
train_105_b_1.nii.gz,/mnt/hwfile/medai/zhangxiaoman/DATA/CT-RATE/dataset/train_preprocessed/train_105/train_105b/train_105_b_1.nii.gz
train_1060_a_1.nii.gz,/mnt/hwfile/medai/zhangxiaoman/DATA/CT-RATE/dataset/train_preprocessed/train_1060/train_1060a/train_1060_a_1.nii.gz
train_1061_a_1.nii.gz,/mnt/hwfile/medai/zhangxiaoman/DATA/CT-RATE/dataset/train_preprocessed/train_1061/train_1061a/train_1061_a_1.nii.gz
train_1062_a_1.nii.gz,/mnt/hwfile/medai/zhangxiaoman/DATA/CT-RATE/dataset/train_preprocessed/train_1062/train_1062a/train_1062_a_1.nii.gz
train_1063_a_1.nii.gz,/mnt/hwfile/medai/zhangxiaoman/DATA/CT-RATE/dataset/train_preprocessed/train_1063/train_1063a/train_1063_a_1.nii.gz
train_1064_a_1.nii.gz,/mnt/hwfile/medai/zhangxiaoman/DATA/CT-RATE/dataset/train_preprocessed/train_1064/train_1064a/train_1064_a_1.nii.gz
train_1065_a_1.nii.gz,/mnt/hwfile/medai/zhangxiaoman/DATA/CT-RATE/dataset/train_preprocessed/train_1065/train_1065a/train_1065_a_1.nii.gz
train_1066_a_1.nii.gz,/mnt/hwfile/medai/zhangxiaoman/DATA/CT-RATE/dataset/train_preprocessed/train_1066/train_1066a/train_1066_a_1.nii.gz
train_1067_a_1.nii.gz,/mnt/hwfile/medai/zhangxiaoman/DATA/CT-RATE/dataset/train_preprocessed/train_1067/train_1067a/train_1067_a_1.nii.gz
train_1068_a_1.nii.gz,/mnt/hwfile/medai/zhangxiaoman/DATA/CT-RATE/dataset/train_preprocessed/train_1068/train_1068a/train_1068_a_1.nii.gz
train_1069_a_1.nii.gz,/mnt/hwfile/medai/zhangxiaoman/DATA/CT-RATE/dataset/train_preprocessed/train_1069/train_1069a/train_1069_a_1.nii.gz
train_1069_b_1.nii.gz,/mnt/hwfile/medai/zhangxiaoman/DATA/CT-RATE/dataset/train_preprocessed/train_1069/train_1069b/train_1069_b_1.nii.gz
train_1069_c_1.nii.gz,/mnt/hwfile/medai/zhangxiaoman/DATA/CT-RATE/dataset/train_preprocessed/train_1069/train_1069c/train_1069_c_1.nii.gz
train_1069_d_1.nii.gz,/mnt/hwfile/medai/zhangxiaoman/DATA/CT-RATE/dataset/train_preprocessed/train_1069/train_1069d/train_1069_d_1.nii.gz
train_1069_e_1.nii.gz,/mnt/hwfile/medai/zhangxiaoman/DATA/CT-RATE/dataset/train_preprocessed/train_1069/train_1069e/train_1069_e_1.nii.gz
train_106_a_1.nii.gz,/mnt/hwfile/medai/zhangxiaoman/DATA/CT-RATE/dataset/train_preprocessed/train_106/train_106a/train_106_a_1.nii.gz
train_1070_a_1.nii.gz,/mnt/hwfile/medai/zhangxiaoman/DATA/CT-RATE/dataset/train_preprocessed/train_1070/train_1070a/train_1070_a_1.nii.gz
train_1071_a_1.nii.gz,/mnt/hwfile/medai/zhangxiaoman/DATA/CT-RATE/dataset/train_preprocessed/train_1071/train_1071a/train_1071_a_1.nii.gz
train_1072_a_1.nii.gz,/mnt/hwfile/medai/zhangxiaoman/DATA/CT-RATE/dataset/train_preprocessed/train_1072/train_1072a/train_1072_a_1.nii.gz
train_1073_a_1.nii.gz,/mnt/hwfile/medai/zhangxiaoman/DATA/CT-RATE/dataset/train_preprocessed/train_1073/train_1073a/train_1073_a_1.nii.gz
train_1074_a_1.nii.gz,/mnt/hwfile/medai/zhangxiaoman/DATA/CT-RATE/dataset/train_preprocessed/train_1074/train_1074a/train_1074_a_1.nii.gz
train_1074_b_1.nii.gz,/mnt/hwfile/medai/zhangxiaoman/DATA/CT-RATE/dataset/train_preprocessed/train_1074/train_1074b/train_1074_b_1.nii.gz
train_1075_a_1.nii.gz,/mnt/hwfile/medai/zhangxiaoman/DATA/CT-RATE/dataset/train_preprocessed/train_1075/train_1075a/train_1075_a_1.nii.gz
train_1076_a_1.nii.gz,/mnt/hwfile/medai/zhangxiaoman/DATA/CT-RATE/dataset/train_preprocessed/train_1076/train_1076a/train_1076_a_1.nii.gz
train_1077_a_1.nii.gz,/mnt/hwfile/medai/zhangxiaoman/DATA/CT-RATE/dataset/train_preprocessed/train_1077/train_1077a/train_1077_a_1.nii.gz
train_1078_a_1.nii.gz,/mnt/hwfile/medai/zhangxiaoman/DATA/CT-RATE/dataset/train_preprocessed/train_1078/train_1078a/train_1078_a_1.nii.gz
train_1078_b_1.nii.gz,/mnt/hwfile/medai/zhangxiaoman/DATA/CT-RATE/dataset/train_preprocessed/train_1078/train_1078b/train_1078_b_1.nii.gz
train_1078_c_1.nii.gz,/mnt/hwfile/medai/zhangxiaoman/DATA/CT-RATE/dataset/train_preprocessed/train_1078/train_1078c/train_1078_c_1.nii.gz
train_1079_a_1.nii.gz,/mnt/hwfile/medai/zhangxiaoman/DATA/CT-RATE/dataset/train_preprocessed/train_1079/train_1079a/train_1079_a_1.nii.gz
train_107_a_1.nii.gz,/mnt/hwfile/medai/zhangxiaoman/DATA/CT-RATE/dataset/train_preprocessed/train_107/train_107a/train_107_a_1.nii.gz
train_107_b_1.nii.gz,/mnt/hwfile/medai/zhangxiaoman/DATA/CT-RATE/dataset/train_preprocessed/train_107/train_107b/train_107_b_1.nii.gz
train_107_c_1.nii.gz,/mnt/hwfile/medai/zhangxiaoman/DATA/CT-RATE/dataset/train_preprocessed/train_107/train_107c/train_107_c_1.nii.gz
train_1080_a_1.nii.gz,/mnt/hwfile/medai/zhangxiaoman/DATA/CT-RATE/dataset/train_preprocessed/train_1080/train_1080a/train_1080_a_1.nii.gz
train_1081_a_1.nii.gz,/mnt/hwfile/medai/zhangxiaoman/DATA/CT-RATE/dataset/train_preprocessed/train_1081/train_1081a/train_1081_a_1.nii.gz
train_1082_a_1.nii.gz,/mnt/hwfile/medai/zhangxiaoman/DATA/CT-RATE/dataset/train_preprocessed/train_1082/train_1082a/train_1082_a_1.nii.gz
train_1083_a_1.nii.gz,/mnt/hwfile/medai/zhangxiaoman/DATA/CT-RATE/dataset/train_preprocessed/train_1083/train_1083a/train_1083_a_1.nii.gz
train_1084_a_1.nii.gz,/mnt/hwfile/medai/zhangxiaoman/DATA/CT-RATE/dataset/train_preprocessed/train_1084/train_1084a/train_1084_a_1.nii.gz
train_1085_a_1.nii.gz,/mnt/hwfile/medai/zhangxiaoman/DATA/CT-RATE/dataset/train_preprocessed/train_1085/train_1085a/train_1085_a_1.nii.gz
train_1086_a_1.nii.gz,/mnt/hwfile/medai/zhangxiaoman/DATA/CT-RATE/dataset/train_preprocessed/train_1086/train_1086a/train_1086_a_1.nii.gz
train_1087_a_1.nii.gz,/mnt/hwfile/medai/zhangxiaoman/DATA/CT-RATE/dataset/train_preprocessed/train_1087/train_1087a/train_1087_a_1.nii.gz
train_1088_a_1.nii.gz,/mnt/hwfile/medai/zhangxiaoman/DATA/CT-RATE/dataset/train_preprocessed/train_1088/train_1088a/train_1088_a_1.nii.gz
train_1089_a_1.nii.gz,/mnt/hwfile/medai/zhangxiaoman/DATA/CT-RATE/dataset/train_preprocessed/train_1089/train_1089a/train_1089_a_1.nii.gz
train_108_a_1.nii.gz,/mnt/hwfile/medai/zhangxiaoman/DATA/CT-RATE/dataset/train_preprocessed/train_108/train_108a/train_108_a_1.nii.gz
train_1090_a_1.nii.gz,/mnt/hwfile/medai/zhangxiaoman/DATA/CT-RATE/dataset/train_preprocessed/train_1090/train_1090a/train_1090_a_1.nii.gz
train_1091_a_1.nii.gz,/mnt/hwfile/medai/zhangxiaoman/DATA/CT-RATE/dataset/train_preprocessed/train_1091/train_1091a/train_1091_a_1.nii.gz
train_1092_a_1.nii.gz,/mnt/hwfile/medai/zhangxiaoman/DATA/CT-RATE/dataset/train_preprocessed/train_1092/train_1092a/train_1092_a_1.nii.gz
train_1093_a_1.nii.gz,/mnt/hwfile/medai/zhangxiaoman/DATA/CT-RATE/dataset/train_preprocessed/train_1093/train_1093a/train_1093_a_1.nii.gz
train_1094_a_1.nii.gz,/mnt/hwfile/medai/zhangxiaoman/DATA/CT-RATE/dataset/train_preprocessed/train_1094/train_1094a/train_1094_a_1.nii.gz
train_1095_a_1.nii.gz,/mnt/hwfile/medai/zhangxiaoman/DATA/CT-RATE/dataset/train_preprocessed/train_1095/train_1095a/train_1095_a_1.nii.gz
train_1096_a_1.nii.gz,/mnt/hwfile/medai/zhangxiaoman/DATA/CT-RATE/dataset/train_preprocessed/train_1096/train_1096a/train_1096_a_1.nii.gz
train_1097_a_1.nii.gz,/mnt/hwfile/medai/zhangxiaoman/DATA/CT-RATE/dataset/train_preprocessed/train_1097/train_1097a/train_1097_a_1.nii.gz
train_1098_a_1.nii.gz,/mnt/hwfile/medai/zhangxiaoman/DATA/CT-RATE/dataset/train_preprocessed/train_1098/train_1098a/train_1098_a_1.nii.gz
train_1099_a_1.nii.gz,/mnt/hwfile/medai/zhangxiaoman/DATA/CT-RATE/dataset/train_preprocessed/train_1099/train_1099a/train_1099_a_1.nii.gz
train_109_a_1.nii.gz,/mnt/hwfile/medai/zhangxiaoman/DATA/CT-RATE/dataset/train_preprocessed/train_109/train_109a/train_109_a_1.nii.gz
train_10_a_1.nii.gz,/mnt/hwfile/medai/zhangxiaoman/DATA/CT-RATE/dataset/train_preprocessed/train_10/train_10a/train_10_a_1.nii.gz
train_1100_a_1.nii.gz,/mnt/hwfile/medai/zhangxiaoman/DATA/CT-RATE/dataset/train_preprocessed/train_1100/train_1100a/train_1100_a_1.nii.gz
train_1101_a_1.nii.gz,/mnt/hwfile/medai/zhangxiaoman/DATA/CT-RATE/dataset/train_preprocessed/train_1101/train_1101a/train_1101_a_1.nii.gz
train_1101_b_1.nii.gz,/mnt/hwfile/medai/zhangxiaoman/DATA/CT-RATE/dataset/train_preprocessed/train_1101/train_1101b/train_1101_b_1.nii.gz
train_1102_a_1.nii.gz,/mnt/hwfile/medai/zhangxiaoman/DATA/CT-RATE/dataset/train_preprocessed/train_1102/train_1102a/train_1102_a_1.nii.gz
train_1103_a_1.nii.gz,/mnt/hwfile/medai/zhangxiaoman/DATA/CT-RATE/dataset/train_preprocessed/train_1103/train_1103a/train_1103_a_1.nii.gz
train_1104_a_1.nii.gz,/mnt/hwfile/medai/zhangxiaoman/DATA/CT-RATE/dataset/train_preprocessed/train_1104/train_1104a/train_1104_a_1.nii.gz
train_1105_a_1.nii.gz,/mnt/hwfile/medai/zhangxiaoman/DATA/CT-RATE/dataset/train_preprocessed/train_1105/train_1105a/train_1105_a_1.nii.gz
train_1106_a_1.nii.gz,/mnt/hwfile/medai/zhangxiaoman/DATA/CT-RATE/dataset/train_preprocessed/train_1106/train_1106a/train_1106_a_1.nii.gz
train_1106_b_1.nii.gz,/mnt/hwfile/medai/zhangxiaoman/DATA/CT-RATE/dataset/train_preprocessed/train_1106/train_1106b/train_1106_b_1.nii.gz
train_1107_a_1.nii.gz,/mnt/hwfile/medai/zhangxiaoman/DATA/CT-RATE/dataset/train_preprocessed/train_1107/train_1107a/train_1107_a_1.nii.gz
train_1108_a_1.nii.gz,/mnt/hwfile/medai/zhangxiaoman/DATA/CT-RATE/dataset/train_preprocessed/train_1108/train_1108a/train_1108_a_1.nii.gz
train_1109_a_1.nii.gz,/mnt/hwfile/medai/zhangxiaoman/DATA/CT-RATE/dataset/train_preprocessed/train_1109/train_1109a/train_1109_a_1.nii.gz
train_110_a_1.nii.gz,/mnt/hwfile/medai/zhangxiaoman/DATA/CT-RATE/dataset/train_preprocessed/train_110/train_110a/train_110_a_1.nii.gz
train_1110_a_1.nii.gz,/mnt/hwfile/medai/zhangxiaoman/DATA/CT-RATE/dataset/train_preprocessed/train_1110/train_1110a/train_1110_a_1.nii.gz
train_1111_a_1.nii.gz,/mnt/hwfile/medai/zhangxiaoman/DATA/CT-RATE/dataset/train_preprocessed/train_1111/train_1111a/train_1111_a_1.nii.gz
train_1112_a_1.nii.gz,/mnt/hwfile/medai/zhangxiaoman/DATA/CT-RATE/dataset/train_preprocessed/train_1112/train_1112a/train_1112_a_1.nii.gz
train_1113_a_1.nii.gz,/mnt/hwfile/medai/zhangxiaoman/DATA/CT-RATE/dataset/train_preprocessed/train_1113/train_1113a/train_1113_a_1.nii.gz
train_1114_a_1.nii.gz,/mnt/hwfile/medai/zhangxiaoman/DATA/CT-RATE/dataset/train_preprocessed/train_1114/train_1114a/train_1114_a_1.nii.gz
train_1115_a_1.nii.gz,/mnt/hwfile/medai/zhangxiaoman/DATA/CT-RATE/dataset/train_preprocessed/train_1115/train_1115a/train_1115_a_1.nii.gz
train_1116_a_1.nii.gz,/mnt/hwfile/medai/zhangxiaoman/DATA/CT-RATE/dataset/train_preprocessed/train_1116/train_1116a/train_1116_a_1.nii.gz
train_1117_a_1.nii.gz,/mnt/hwfile/medai/zhangxiaoman/DATA/CT-RATE/dataset/train_preprocessed/train_1117/train_1117a/train_1117_a_1.nii.gz
train_1117_b_1.nii.gz,/mnt/hwfile/medai/zhangxiaoman/DATA/CT-RATE/dataset/train_preprocessed/train_1117/train_1117b/train_1117_b_1.nii.gz
train_1118_a_1.nii.gz,/mnt/hwfile/medai/zhangxiaoman/DATA/CT-RATE/dataset/train_preprocessed/train_1118/train_1118a/train_1118_a_1.nii.gz
train_1118_b_1.nii.gz,/mnt/hwfile/medai/zhangxiaoman/DATA/CT-RATE/dataset/train_preprocessed/train_1118/train_1118b/train_1118_b_1.nii.gz
train_1118_c_1.nii.gz,/mnt/hwfile/medai/zhangxiaoman/DATA/CT-RATE/dataset/train_preprocessed/train_1118/train_1118c/train_1118_c_1.nii.gz
train_1119_a_1.nii.gz,/mnt/hwfile/medai/zhangxiaoman/DATA/CT-RATE/dataset/train_preprocessed/train_1119/train_1119a/train_1119_a_1.nii.gz
train_1119_b_1.nii.gz,/mnt/hwfile/medai/zhangxiaoman/DATA/CT-RATE/dataset/train_preprocessed/train_1119/train_1119b/train_1119_b_1.nii.gz
train_111_a_1.nii.gz,/mnt/hwfile/medai/zhangxiaoman/DATA/CT-RATE/dataset/train_preprocessed/train_111/train_111a/train_111_a_1.nii.gz
train_1120_a_1.nii.gz,/mnt/hwfile/medai/zhangxiaoman/DATA/CT-RATE/dataset/train_preprocessed/train_1120/train_1120a/train_1120_a_1.nii.gz
train_1121_a_1.nii.gz,/mnt/hwfile/medai/zhangxiaoman/DATA/CT-RATE/dataset/train_preprocessed/train_1121/train_1121a/train_1121_a_1.nii.gz
train_1121_b_1.nii.gz,/mnt/hwfile/medai/zhangxiaoman/DATA/CT-RATE/dataset/train_preprocessed/train_1121/train_1121b/train_1121_b_1.nii.gz
train_1122_a_1.nii.gz,/mnt/hwfile/medai/zhangxiaoman/DATA/CT-RATE/dataset/train_preprocessed/train_1122/train_1122a/train_1122_a_1.nii.gz
train_1123_a_1.nii.gz,/mnt/hwfile/medai/zhangxiaoman/DATA/CT-RATE/dataset/train_preprocessed/train_1123/train_1123a/train_1123_a_1.nii.gz
train_1124_a_1.nii.gz,/mnt/hwfile/medai/zhangxiaoman/DATA/CT-RATE/dataset/train_preprocessed/train_1124/train_1124a/train_1124_a_1.nii.gz
train_1124_b_1.nii.gz,/mnt/hwfile/medai/zhangxiaoman/DATA/CT-RATE/dataset/train_preprocessed/train_1124/train_1124b/train_1124_b_1.nii.gz
train_1125_a_1.nii.gz,/mnt/hwfile/medai/zhangxiaoman/DATA/CT-RATE/dataset/train_preprocessed/train_1125/train_1125a/train_1125_a_1.nii.gz
train_1126_a_1.nii.gz,/mnt/hwfile/medai/zhangxiaoman/DATA/CT-RATE/dataset/train_preprocessed/train_1126/train_1126a/train_1126_a_1.nii.gz
train_1126_b_1.nii.gz,/mnt/hwfile/medai/zhangxiaoman/DATA/CT-RATE/dataset/train_preprocessed/train_1126/train_1126b/train_1126_b_1.nii.gz
train_1126_c_1.nii.gz,/mnt/hwfile/medai/zhangxiaoman/DATA/CT-RATE/dataset/train_preprocessed/train_1126/train_1126c/train_1126_c_1.nii.gz
train_1127_a_1.nii.gz,/mnt/hwfile/medai/zhangxiaoman/DATA/CT-RATE/dataset/train_preprocessed/train_1127/train_1127a/train_1127_a_1.nii.gz
train_1128_a_1.nii.gz,/mnt/hwfile/medai/zhangxiaoman/DATA/CT-RATE/dataset/train_preprocessed/train_1128/train_1128a/train_1128_a_1.nii.gz
train_1128_b_1.nii.gz,/mnt/hwfile/medai/zhangxiaoman/DATA/CT-RATE/dataset/train_preprocessed/train_1128/train_1128b/train_1128_b_1.nii.gz
train_1129_a_1.nii.gz,/mnt/hwfile/medai/zhangxiaoman/DATA/CT-RATE/dataset/train_preprocessed/train_1129/train_1129a/train_1129_a_1.nii.gz
train_112_a_1.nii.gz,/mnt/hwfile/medai/zhangxiaoman/DATA/CT-RATE/dataset/train_preprocessed/train_112/train_112a/train_112_a_1.nii.gz
train_1130_a_1.nii.gz,/mnt/hwfile/medai/zhangxiaoman/DATA/CT-RATE/dataset/train_preprocessed/train_1130/train_1130a/train_1130_a_1.nii.gz
train_1131_a_1.nii.gz,/mnt/hwfile/medai/zhangxiaoman/DATA/CT-RATE/dataset/train_preprocessed/train_1131/train_1131a/train_1131_a_1.nii.gz
train_1132_a_1.nii.gz,/mnt/hwfile/medai/zhangxiaoman/DATA/CT-RATE/dataset/train_preprocessed/train_1132/train_1132a/train_1132_a_1.nii.gz
train_1133_a_1.nii.gz,/mnt/hwfile/medai/zhangxiaoman/DATA/CT-RATE/dataset/train_preprocessed/train_1133/train_1133a/train_1133_a_1.nii.gz
train_1134_a_1.nii.gz,/mnt/hwfile/medai/zhangxiaoman/DATA/CT-RATE/dataset/train_preprocessed/train_1134/train_1134a/train_1134_a_1.nii.gz
train_1135_a_1.nii.gz,/mnt/hwfile/medai/zhangxiaoman/DATA/CT-RATE/dataset/train_preprocessed/train_1135/train_1135a/train_1135_a_1.nii.gz
train_1136_a_1.nii.gz,/mnt/hwfile/medai/zhangxiaoman/DATA/CT-RATE/dataset/train_preprocessed/train_1136/train_1136a/train_1136_a_1.nii.gz
train_1137_a_1.nii.gz,/mnt/hwfile/medai/zhangxiaoman/DATA/CT-RATE/dataset/train_preprocessed/train_1137/train_1137a/train_1137_a_1.nii.gz
train_1137_b_1.nii.gz,/mnt/hwfile/medai/zhangxiaoman/DATA/CT-RATE/dataset/train_preprocessed/train_1137/train_1137b/train_1137_b_1.nii.gz
train_1138_a_1.nii.gz,/mnt/hwfile/medai/zhangxiaoman/DATA/CT-RATE/dataset/train_preprocessed/train_1138/train_1138a/train_1138_a_1.nii.gz
train_1138_b_1.nii.gz,/mnt/hwfile/medai/zhangxiaoman/DATA/CT-RATE/dataset/train_preprocessed/train_1138/train_1138b/train_1138_b_1.nii.gz
train_1139_a_1.nii.gz,/mnt/hwfile/medai/zhangxiaoman/DATA/CT-RATE/dataset/train_preprocessed/train_1139/train_1139a/train_1139_a_1.nii.gz
train_113_a_1.nii.gz,/mnt/hwfile/medai/zhangxiaoman/DATA/CT-RATE/dataset/train_preprocessed/train_113/train_113a/train_113_a_1.nii.gz
train_1140_a_1.nii.gz,/mnt/hwfile/medai/zhangxiaoman/DATA/CT-RATE/dataset/train_preprocessed/train_1140/train_1140a/train_1140_a_1.nii.gz
train_1141_a_1.nii.gz,/mnt/hwfile/medai/zhangxiaoman/DATA/CT-RATE/dataset/train_preprocessed/train_1141/train_1141a/train_1141_a_1.nii.gz
train_1142_a_1.nii.gz,/mnt/hwfile/medai/zhangxiaoman/DATA/CT-RATE/dataset/train_preprocessed/train_1142/train_1142a/train_1142_a_1.nii.gz
train_1143_a_1.nii.gz,/mnt/hwfile/medai/zhangxiaoman/DATA/CT-RATE/dataset/train_preprocessed/train_1143/train_1143a/train_1143_a_1.nii.gz
train_1144_a_1.nii.gz,/mnt/hwfile/medai/zhangxiaoman/DATA/CT-RATE/dataset/train_preprocessed/train_1144/train_1144a/train_1144_a_1.nii.gz
train_1144_b_1.nii.gz,/mnt/hwfile/medai/zhangxiaoman/DATA/CT-RATE/dataset/train_preprocessed/train_1144/train_1144b/train_1144_b_1.nii.gz
train_1144_c_1.nii.gz,/mnt/hwfile/medai/zhangxiaoman/DATA/CT-RATE/dataset/train_preprocessed/train_1144/train_1144c/train_1144_c_1.nii.gz
train_1145_a_1.nii.gz,/mnt/hwfile/medai/zhangxiaoman/DATA/CT-RATE/dataset/train_preprocessed/train_1145/train_1145a/train_1145_a_1.nii.gz
train_1146_a_1.nii.gz,/mnt/hwfile/medai/zhangxiaoman/DATA/CT-RATE/dataset/train_preprocessed/train_1146/train_1146a/train_1146_a_1.nii.gz
train_1146_b_1.nii.gz,/mnt/hwfile/medai/zhangxiaoman/DATA/CT-RATE/dataset/train_preprocessed/train_1146/train_1146b/train_1146_b_1.nii.gz
train_1146_c_1.nii.gz,/mnt/hwfile/medai/zhangxiaoman/DATA/CT-RATE/dataset/train_preprocessed/train_1146/train_1146c/train_1146_c_1.nii.gz
train_1146_d_1.nii.gz,/mnt/hwfile/medai/zhangxiaoman/DATA/CT-RATE/dataset/train_preprocessed/train_1146/train_1146d/train_1146_d_1.nii.gz
train_1146_e_1.nii.gz,/mnt/hwfile/medai/zhangxiaoman/DATA/CT-RATE/dataset/train_preprocessed/train_1146/train_1146e/train_1146_e_1.nii.gz
train_1147_a_1.nii.gz,/mnt/hwfile/medai/zhangxiaoman/DATA/CT-RATE/dataset/train_preprocessed/train_1147/train_1147a/train_1147_a_1.nii.gz
train_1148_a_1.nii.gz,/mnt/hwfile/medai/zhangxiaoman/DATA/CT-RATE/dataset/train_preprocessed/train_1148/train_1148a/train_1148_a_1.nii.gz
train_1149_a_1.nii.gz,/mnt/hwfile/medai/zhangxiaoman/DATA/CT-RATE/dataset/train_preprocessed/train_1149/train_1149a/train_1149_a_1.nii.gz
train_1149_b_1.nii.gz,/mnt/hwfile/medai/zhangxiaoman/DATA/CT-RATE/dataset/train_preprocessed/train_1149/train_1149b/train_1149_b_1.nii.gz
train_1149_c_1.nii.gz,/mnt/hwfile/medai/zhangxiaoman/DATA/CT-RATE/dataset/train_preprocessed/train_1149/train_1149c/train_1149_c_1.nii.gz
train_1149_d_1.nii.gz,/mnt/hwfile/medai/zhangxiaoman/DATA/CT-RATE/dataset/train_preprocessed/train_1149/train_1149d/train_1149_d_1.nii.gz
train_114_a_1.nii.gz,/mnt/hwfile/medai/zhangxiaoman/DATA/CT-RATE/dataset/train_preprocessed/train_114/train_114a/train_114_a_1.nii.gz
train_1150_a_1.nii.gz,/mnt/hwfile/medai/zhangxiaoman/DATA/CT-RATE/dataset/train_preprocessed/train_1150/train_1150a/train_1150_a_1.nii.gz
train_1151_a_1.nii.gz,/mnt/hwfile/medai/zhangxiaoman/DATA/CT-RATE/dataset/train_preprocessed/train_1151/train_1151a/train_1151_a_1.nii.gz
train_1152_a_1.nii.gz,/mnt/hwfile/medai/zhangxiaoman/DATA/CT-RATE/dataset/train_preprocessed/train_1152/train_1152a/train_1152_a_1.nii.gz
train_1153_a_1.nii.gz,/mnt/hwfile/medai/zhangxiaoman/DATA/CT-RATE/dataset/train_preprocessed/train_1153/train_1153a/train_1153_a_1.nii.gz
train_1154_a_1.nii.gz,/mnt/hwfile/medai/zhangxiaoman/DATA/CT-RATE/dataset/train_preprocessed/train_1154/train_1154a/train_1154_a_1.nii.gz
train_1155_a_1.nii.gz,/mnt/hwfile/medai/zhangxiaoman/DATA/CT-RATE/dataset/train_preprocessed/train_1155/train_1155a/train_1155_a_1.nii.gz
train_1156_a_1.nii.gz,/mnt/hwfile/medai/zhangxiaoman/DATA/CT-RATE/dataset/train_preprocessed/train_1156/train_1156a/train_1156_a_1.nii.gz
train_1157_a_1.nii.gz,/mnt/hwfile/medai/zhangxiaoman/DATA/CT-RATE/dataset/train_preprocessed/train_1157/train_1157a/train_1157_a_1.nii.gz
train_1157_b_1.nii.gz,/mnt/hwfile/medai/zhangxiaoman/DATA/CT-RATE/dataset/train_preprocessed/train_1157/train_1157b/train_1157_b_1.nii.gz
train_1157_c_1.nii.gz,/mnt/hwfile/medai/zhangxiaoman/DATA/CT-RATE/dataset/train_preprocessed/train_1157/train_1157c/train_1157_c_1.nii.gz
train_1157_d_1.nii.gz,/mnt/hwfile/medai/zhangxiaoman/DATA/CT-RATE/dataset/train_preprocessed/train_1157/train_1157d/train_1157_d_1.nii.gz
train_1157_e_1.nii.gz,/mnt/hwfile/medai/zhangxiaoman/DATA/CT-RATE/dataset/train_preprocessed/train_1157/train_1157e/train_1157_e_1.nii.gz
train_1158_a_1.nii.gz,/mnt/hwfile/medai/zhangxiaoman/DATA/CT-RATE/dataset/train_preprocessed/train_1158/train_1158a/train_1158_a_1.nii.gz
train_1159_a_1.nii.gz,/mnt/hwfile/medai/zhangxiaoman/DATA/CT-RATE/dataset/train_preprocessed/train_1159/train_1159a/train_1159_a_1.nii.gz
train_115_a_1.nii.gz,/mnt/hwfile/medai/zhangxiaoman/DATA/CT-RATE/dataset/train_preprocessed/train_115/train_115a/train_115_a_1.nii.gz
train_1160_a_1.nii.gz,/mnt/hwfile/medai/zhangxiaoman/DATA/CT-RATE/dataset/train_preprocessed/train_1160/train_1160a/train_1160_a_1.nii.gz
train_1161_a_1.nii.gz,/mnt/hwfile/medai/zhangxiaoman/DATA/CT-RATE/dataset/train_preprocessed/train_1161/train_1161a/train_1161_a_1.nii.gz
train_1162_a_1.nii.gz,/mnt/hwfile/medai/zhangxiaoman/DATA/CT-RATE/dataset/train_preprocessed/train_1162/train_1162a/train_1162_a_1.nii.gz
train_1163_a_1.nii.gz,/mnt/hwfile/medai/zhangxiaoman/DATA/CT-RATE/dataset/train_preprocessed/train_1163/train_1163a/train_1163_a_1.nii.gz
train_1163_b_1.nii.gz,/mnt/hwfile/medai/zhangxiaoman/DATA/CT-RATE/dataset/train_preprocessed/train_1163/train_1163b/train_1163_b_1.nii.gz
train_1163_c_1.nii.gz,/mnt/hwfile/medai/zhangxiaoman/DATA/CT-RATE/dataset/train_preprocessed/train_1163/train_1163c/train_1163_c_1.nii.gz
train_1163_d_1.nii.gz,/mnt/hwfile/medai/zhangxiaoman/DATA/CT-RATE/dataset/train_preprocessed/train_1163/train_1163d/train_1163_d_1.nii.gz
train_1163_e_1.nii.gz,/mnt/hwfile/medai/zhangxiaoman/DATA/CT-RATE/dataset/train_preprocessed/train_1163/train_1163e/train_1163_e_1.nii.gz
train_1164_a_1.nii.gz,/mnt/hwfile/medai/zhangxiaoman/DATA/CT-RATE/dataset/train_preprocessed/train_1164/train_1164a/train_1164_a_1.nii.gz
train_1165_a_1.nii.gz,/mnt/hwfile/medai/zhangxiaoman/DATA/CT-RATE/dataset/train_preprocessed/train_1165/train_1165a/train_1165_a_1.nii.gz
train_1166_a_1.nii.gz,/mnt/hwfile/medai/zhangxiaoman/DATA/CT-RATE/dataset/train_preprocessed/train_1166/train_1166a/train_1166_a_1.nii.gz
train_1167_a_1.nii.gz,/mnt/hwfile/medai/zhangxiaoman/DATA/CT-RATE/dataset/train_preprocessed/train_1167/train_1167a/train_1167_a_1.nii.gz
train_1168_a_1.nii.gz,/mnt/hwfile/medai/zhangxiaoman/DATA/CT-RATE/dataset/train_preprocessed/train_1168/train_1168a/train_1168_a_1.nii.gz
train_1169_a_1.nii.gz,/mnt/hwfile/medai/zhangxiaoman/DATA/CT-RATE/dataset/train_preprocessed/train_1169/train_1169a/train_1169_a_1.nii.gz
train_116_a_1.nii.gz,/mnt/hwfile/medai/zhangxiaoman/DATA/CT-RATE/dataset/train_preprocessed/train_116/train_116a/train_116_a_1.nii.gz
train_1170_a_1.nii.gz,/mnt/hwfile/medai/zhangxiaoman/DATA/CT-RATE/dataset/train_preprocessed/train_1170/train_1170a/train_1170_a_1.nii.gz
train_1171_a_1.nii.gz,/mnt/hwfile/medai/zhangxiaoman/DATA/CT-RATE/dataset/train_preprocessed/train_1171/train_1171a/train_1171_a_1.nii.gz
train_1172_a_1.nii.gz,/mnt/hwfile/medai/zhangxiaoman/DATA/CT-RATE/dataset/train_preprocessed/train_1172/train_1172a/train_1172_a_1.nii.gz
train_1173_a_1.nii.gz,/mnt/hwfile/medai/zhangxiaoman/DATA/CT-RATE/dataset/train_preprocessed/train_1173/train_1173a/train_1173_a_1.nii.gz
train_1174_a_1.nii.gz,/mnt/hwfile/medai/zhangxiaoman/DATA/CT-RATE/dataset/train_preprocessed/train_1174/train_1174a/train_1174_a_1.nii.gz
train_1175_a_1.nii.gz,/mnt/hwfile/medai/zhangxiaoman/DATA/CT-RATE/dataset/train_preprocessed/train_1175/train_1175a/train_1175_a_1.nii.gz
train_1176_a_1.nii.gz,/mnt/hwfile/medai/zhangxiaoman/DATA/CT-RATE/dataset/train_preprocessed/train_1176/train_1176a/train_1176_a_1.nii.gz
train_1177_a_1.nii.gz,/mnt/hwfile/medai/zhangxiaoman/DATA/CT-RATE/dataset/train_preprocessed/train_1177/train_1177a/train_1177_a_1.nii.gz
train_1177_b_1.nii.gz,/mnt/hwfile/medai/zhangxiaoman/DATA/CT-RATE/dataset/train_preprocessed/train_1177/train_1177b/train_1177_b_1.nii.gz
train_1178_a_1.nii.gz,/mnt/hwfile/medai/zhangxiaoman/DATA/CT-RATE/dataset/train_preprocessed/train_1178/train_1178a/train_1178_a_1.nii.gz
train_1179_a_1.nii.gz,/mnt/hwfile/medai/zhangxiaoman/DATA/CT-RATE/dataset/train_preprocessed/train_1179/train_1179a/train_1179_a_1.nii.gz
train_117_a_1.nii.gz,/mnt/hwfile/medai/zhangxiaoman/DATA/CT-RATE/dataset/train_preprocessed/train_117/train_117a/train_117_a_1.nii.gz
train_1180_a_1.nii.gz,/mnt/hwfile/medai/zhangxiaoman/DATA/CT-RATE/dataset/train_preprocessed/train_1180/train_1180a/train_1180_a_1.nii.gz
train_1181_a_1.nii.gz,/mnt/hwfile/medai/zhangxiaoman/DATA/CT-RATE/dataset/train_preprocessed/train_1181/train_1181a/train_1181_a_1.nii.gz
train_1182_a_1.nii.gz,/mnt/hwfile/medai/zhangxiaoman/DATA/CT-RATE/dataset/train_preprocessed/train_1182/train_1182a/train_1182_a_1.nii.gz
train_1183_a_1.nii.gz,/mnt/hwfile/medai/zhangxiaoman/DATA/CT-RATE/dataset/train_preprocessed/train_1183/train_1183a/train_1183_a_1.nii.gz
train_1184_a_1.nii.gz,/mnt/hwfile/medai/zhangxiaoman/DATA/CT-RATE/dataset/train_preprocessed/train_1184/train_1184a/train_1184_a_1.nii.gz
train_1184_b_1.nii.gz,/mnt/hwfile/medai/zhangxiaoman/DATA/CT-RATE/dataset/train_preprocessed/train_1184/train_1184b/train_1184_b_1.nii.gz
train_1184_c_1.nii.gz,/mnt/hwfile/medai/zhangxiaoman/DATA/CT-RATE/dataset/train_preprocessed/train_1184/train_1184c/train_1184_c_1.nii.gz
train_1185_a_1.nii.gz,/mnt/hwfile/medai/zhangxiaoman/DATA/CT-RATE/dataset/train_preprocessed/train_1185/train_1185a/train_1185_a_1.nii.gz
train_1186_a_1.nii.gz,/mnt/hwfile/medai/zhangxiaoman/DATA/CT-RATE/dataset/train_preprocessed/train_1186/train_1186a/train_1186_a_1.nii.gz
train_1187_a_1.nii.gz,/mnt/hwfile/medai/zhangxiaoman/DATA/CT-RATE/dataset/train_preprocessed/train_1187/train_1187a/train_1187_a_1.nii.gz
train_1188_a_1.nii.gz,/mnt/hwfile/medai/zhangxiaoman/DATA/CT-RATE/dataset/train_preprocessed/train_1188/train_1188a/train_1188_a_1.nii.gz
train_1188_b_1.nii.gz,/mnt/hwfile/medai/zhangxiaoman/DATA/CT-RATE/dataset/train_preprocessed/train_1188/train_1188b/train_1188_b_1.nii.gz
train_1188_c_1.nii.gz,/mnt/hwfile/medai/zhangxiaoman/DATA/CT-RATE/dataset/train_preprocessed/train_1188/train_1188c/train_1188_c_1.nii.gz
train_1189_a_1.nii.gz,/mnt/hwfile/medai/zhangxiaoman/DATA/CT-RATE/dataset/train_preprocessed/train_1189/train_1189a/train_1189_a_1.nii.gz
train_118_a_1.nii.gz,/mnt/hwfile/medai/zhangxiaoman/DATA/CT-RATE/dataset/train_preprocessed/train_118/train_118a/train_118_a_1.nii.gz
train_1190_a_1.nii.gz,/mnt/hwfile/medai/zhangxiaoman/DATA/CT-RATE/dataset/train_preprocessed/train_1190/train_1190a/train_1190_a_1.nii.gz
train_1191_a_1.nii.gz,/mnt/hwfile/medai/zhangxiaoman/DATA/CT-RATE/dataset/train_preprocessed/train_1191/train_1191a/train_1191_a_1.nii.gz
train_1192_a_1.nii.gz,/mnt/hwfile/medai/zhangxiaoman/DATA/CT-RATE/dataset/train_preprocessed/train_1192/train_1192a/train_1192_a_1.nii.gz
train_1192_b_1.nii.gz,/mnt/hwfile/medai/zhangxiaoman/DATA/CT-RATE/dataset/train_preprocessed/train_1192/train_1192b/train_1192_b_1.nii.gz
train_1193_a_1.nii.gz,/mnt/hwfile/medai/zhangxiaoman/DATA/CT-RATE/dataset/train_preprocessed/train_1193/train_1193a/train_1193_a_1.nii.gz
train_1194_a_1.nii.gz,/mnt/hwfile/medai/zhangxiaoman/DATA/CT-RATE/dataset/train_preprocessed/train_1194/train_1194a/train_1194_a_1.nii.gz
train_1195_a_1.nii.gz,/mnt/hwfile/medai/zhangxiaoman/DATA/CT-RATE/dataset/train_preprocessed/train_1195/train_1195a/train_1195_a_1.nii.gz
train_1195_b_1.nii.gz,/mnt/hwfile/medai/zhangxiaoman/DATA/CT-RATE/dataset/train_preprocessed/train_1195/train_1195b/train_1195_b_1.nii.gz
train_1196_a_1.nii.gz,/mnt/hwfile/medai/zhangxiaoman/DATA/CT-RATE/dataset/train_preprocessed/train_1196/train_1196a/train_1196_a_1.nii.gz
train_1196_b_1.nii.gz,/mnt/hwfile/medai/zhangxiaoman/DATA/CT-RATE/dataset/train_preprocessed/train_1196/train_1196b/train_1196_b_1.nii.gz
train_1196_c_1.nii.gz,/mnt/hwfile/medai/zhangxiaoman/DATA/CT-RATE/dataset/train_preprocessed/train_1196/train_1196c/train_1196_c_1.nii.gz
train_1197_a_1.nii.gz,/mnt/hwfile/medai/zhangxiaoman/DATA/CT-RATE/dataset/train_preprocessed/train_1197/train_1197a/train_1197_a_1.nii.gz
train_1198_a_1.nii.gz,/mnt/hwfile/medai/zhangxiaoman/DATA/CT-RATE/dataset/train_preprocessed/train_1198/train_1198a/train_1198_a_1.nii.gz
train_1199_a_1.nii.gz,/mnt/hwfile/medai/zhangxiaoman/DATA/CT-RATE/dataset/train_preprocessed/train_1199/train_1199a/train_1199_a_1.nii.gz
train_119_a_1.nii.gz,/mnt/hwfile/medai/zhangxiaoman/DATA/CT-RATE/dataset/train_preprocessed/train_119/train_119a/train_119_a_1.nii.gz
train_11_a_1.nii.gz,/mnt/hwfile/medai/zhangxiaoman/DATA/CT-RATE/dataset/train_preprocessed/train_11/train_11a/train_11_a_1.nii.gz
train_1200_a_1.nii.gz,/mnt/hwfile/medai/zhangxiaoman/DATA/CT-RATE/dataset/train_preprocessed/train_1200/train_1200a/train_1200_a_1.nii.gz
train_1201_a_1.nii.gz,/mnt/hwfile/medai/zhangxiaoman/DATA/CT-RATE/dataset/train_preprocessed/train_1201/train_1201a/train_1201_a_1.nii.gz
train_1201_b_1.nii.gz,/mnt/hwfile/medai/zhangxiaoman/DATA/CT-RATE/dataset/train_preprocessed/train_1201/train_1201b/train_1201_b_1.nii.gz
train_1202_a_1.nii.gz,/mnt/hwfile/medai/zhangxiaoman/DATA/CT-RATE/dataset/train_preprocessed/train_1202/train_1202a/train_1202_a_1.nii.gz
train_1203_a_1.nii.gz,/mnt/hwfile/medai/zhangxiaoman/DATA/CT-RATE/dataset/train_preprocessed/train_1203/train_1203a/train_1203_a_1.nii.gz
train_1204_a_1.nii.gz,/mnt/hwfile/medai/zhangxiaoman/DATA/CT-RATE/dataset/train_preprocessed/train_1204/train_1204a/train_1204_a_1.nii.gz
train_1205_a_1.nii.gz,/mnt/hwfile/medai/zhangxiaoman/DATA/CT-RATE/dataset/train_preprocessed/train_1205/train_1205a/train_1205_a_1.nii.gz
train_1206_a_1.nii.gz,/mnt/hwfile/medai/zhangxiaoman/DATA/CT-RATE/dataset/train_preprocessed/train_1206/train_1206a/train_1206_a_1.nii.gz
train_1207_a_1.nii.gz,/mnt/hwfile/medai/zhangxiaoman/DATA/CT-RATE/dataset/train_preprocessed/train_1207/train_1207a/train_1207_a_1.nii.gz
train_1208_a_1.nii.gz,/mnt/hwfile/medai/zhangxiaoman/DATA/CT-RATE/dataset/train_preprocessed/train_1208/train_1208a/train_1208_a_1.nii.gz
train_1209_a_1.nii.gz,/mnt/hwfile/medai/zhangxiaoman/DATA/CT-RATE/dataset/train_preprocessed/train_1209/train_1209a/train_1209_a_1.nii.gz
train_120_a_1.nii.gz,/mnt/hwfile/medai/zhangxiaoman/DATA/CT-RATE/dataset/train_preprocessed/train_120/train_120a/train_120_a_1.nii.gz
train_1210_a_1.nii.gz,/mnt/hwfile/medai/zhangxiaoman/DATA/CT-RATE/dataset/train_preprocessed/train_1210/train_1210a/train_1210_a_1.nii.gz
train_1211_a_1.nii.gz,/mnt/hwfile/medai/zhangxiaoman/DATA/CT-RATE/dataset/train_preprocessed/train_1211/train_1211a/train_1211_a_1.nii.gz
train_1212_a_1.nii.gz,/mnt/hwfile/medai/zhangxiaoman/DATA/CT-RATE/dataset/train_preprocessed/train_1212/train_1212a/train_1212_a_1.nii.gz
train_1213_a_1.nii.gz,/mnt/hwfile/medai/zhangxiaoman/DATA/CT-RATE/dataset/train_preprocessed/train_1213/train_1213a/train_1213_a_1.nii.gz
train_1214_a_1.nii.gz,/mnt/hwfile/medai/zhangxiaoman/DATA/CT-RATE/dataset/train_preprocessed/train_1214/train_1214a/train_1214_a_1.nii.gz
train_1215_a_1.nii.gz,/mnt/hwfile/medai/zhangxiaoman/DATA/CT-RATE/dataset/train_preprocessed/train_1215/train_1215a/train_1215_a_1.nii.gz
train_1216_a_1.nii.gz,/mnt/hwfile/medai/zhangxiaoman/DATA/CT-RATE/dataset/train_preprocessed/train_1216/train_1216a/train_1216_a_1.nii.gz
train_1217_a_1.nii.gz,/mnt/hwfile/medai/zhangxiaoman/DATA/CT-RATE/dataset/train_preprocessed/train_1217/train_1217a/train_1217_a_1.nii.gz
train_1218_a_1.nii.gz,/mnt/hwfile/medai/zhangxiaoman/DATA/CT-RATE/dataset/train_preprocessed/train_1218/train_1218a/train_1218_a_1.nii.gz
train_1218_b_1.nii.gz,/mnt/hwfile/medai/zhangxiaoman/DATA/CT-RATE/dataset/train_preprocessed/train_1218/train_1218b/train_1218_b_1.nii.gz
train_1219_a_1.nii.gz,/mnt/hwfile/medai/zhangxiaoman/DATA/CT-RATE/dataset/train_preprocessed/train_1219/train_1219a/train_1219_a_1.nii.gz
train_1219_b_1.nii.gz,/mnt/hwfile/medai/zhangxiaoman/DATA/CT-RATE/dataset/train_preprocessed/train_1219/train_1219b/train_1219_b_1.nii.gz
train_121_a_1.nii.gz,/mnt/hwfile/medai/zhangxiaoman/DATA/CT-RATE/dataset/train_preprocessed/train_121/train_121a/train_121_a_1.nii.gz
train_121_b_1.nii.gz,/mnt/hwfile/medai/zhangxiaoman/DATA/CT-RATE/dataset/train_preprocessed/train_121/train_121b/train_121_b_1.nii.gz
train_1220_a_1.nii.gz,/mnt/hwfile/medai/zhangxiaoman/DATA/CT-RATE/dataset/train_preprocessed/train_1220/train_1220a/train_1220_a_1.nii.gz
train_1221_a_1.nii.gz,/mnt/hwfile/medai/zhangxiaoman/DATA/CT-RATE/dataset/train_preprocessed/train_1221/train_1221a/train_1221_a_1.nii.gz
train_1222_a_1.nii.gz,/mnt/hwfile/medai/zhangxiaoman/DATA/CT-RATE/dataset/train_preprocessed/train_1222/train_1222a/train_1222_a_1.nii.gz
train_1223_a_1.nii.gz,/mnt/hwfile/medai/zhangxiaoman/DATA/CT-RATE/dataset/train_preprocessed/train_1223/train_1223a/train_1223_a_1.nii.gz
train_1224_a_1.nii.gz,/mnt/hwfile/medai/zhangxiaoman/DATA/CT-RATE/dataset/train_preprocessed/train_1224/train_1224a/train_1224_a_1.nii.gz
train_1225_a_1.nii.gz,/mnt/hwfile/medai/zhangxiaoman/DATA/CT-RATE/dataset/train_preprocessed/train_1225/train_1225a/train_1225_a_1.nii.gz
train_1226_a_1.nii.gz,/mnt/hwfile/medai/zhangxiaoman/DATA/CT-RATE/dataset/train_preprocessed/train_1226/train_1226a/train_1226_a_1.nii.gz
train_1226_b_1.nii.gz,/mnt/hwfile/medai/zhangxiaoman/DATA/CT-RATE/dataset/train_preprocessed/train_1226/train_1226b/train_1226_b_1.nii.gz
train_1227_a_1.nii.gz,/mnt/hwfile/medai/zhangxiaoman/DATA/CT-RATE/dataset/train_preprocessed/train_1227/train_1227a/train_1227_a_1.nii.gz
train_1227_b_1.nii.gz,/mnt/hwfile/medai/zhangxiaoman/DATA/CT-RATE/dataset/train_preprocessed/train_1227/train_1227b/train_1227_b_1.nii.gz
train_1227_c_1.nii.gz,/mnt/hwfile/medai/zhangxiaoman/DATA/CT-RATE/dataset/train_preprocessed/train_1227/train_1227c/train_1227_c_1.nii.gz
train_1227_d_1.nii.gz,/mnt/hwfile/medai/zhangxiaoman/DATA/CT-RATE/dataset/train_preprocessed/train_1227/train_1227d/train_1227_d_1.nii.gz
train_1228_a_1.nii.gz,/mnt/hwfile/medai/zhangxiaoman/DATA/CT-RATE/dataset/train_preprocessed/train_1228/train_1228a/train_1228_a_1.nii.gz
train_1229_a_1.nii.gz,/mnt/hwfile/medai/zhangxiaoman/DATA/CT-RATE/dataset/train_preprocessed/train_1229/train_1229a/train_1229_a_1.nii.gz
train_122_a_1.nii.gz,/mnt/hwfile/medai/zhangxiaoman/DATA/CT-RATE/dataset/train_preprocessed/train_122/train_122a/train_122_a_1.nii.gz
train_122_b_1.nii.gz,/mnt/hwfile/medai/zhangxiaoman/DATA/CT-RATE/dataset/train_preprocessed/train_122/train_122b/train_122_b_1.nii.gz
train_122_c_1.nii.gz,/mnt/hwfile/medai/zhangxiaoman/DATA/CT-RATE/dataset/train_preprocessed/train_122/train_122c/train_122_c_1.nii.gz
train_1230_a_1.nii.gz,/mnt/hwfile/medai/zhangxiaoman/DATA/CT-RATE/dataset/train_preprocessed/train_1230/train_1230a/train_1230_a_1.nii.gz
train_1231_a_1.nii.gz,/mnt/hwfile/medai/zhangxiaoman/DATA/CT-RATE/dataset/train_preprocessed/train_1231/train_1231a/train_1231_a_1.nii.gz
train_1232_a_1.nii.gz,/mnt/hwfile/medai/zhangxiaoman/DATA/CT-RATE/dataset/train_preprocessed/train_1232/train_1232a/train_1232_a_1.nii.gz
train_1233_a_1.nii.gz,/mnt/hwfile/medai/zhangxiaoman/DATA/CT-RATE/dataset/train_preprocessed/train_1233/train_1233a/train_1233_a_1.nii.gz
train_1234_a_1.nii.gz,/mnt/hwfile/medai/zhangxiaoman/DATA/CT-RATE/dataset/train_preprocessed/train_1234/train_1234a/train_1234_a_1.nii.gz
train_1235_a_1.nii.gz,/mnt/hwfile/medai/zhangxiaoman/DATA/CT-RATE/dataset/train_preprocessed/train_1235/train_1235a/train_1235_a_1.nii.gz
train_1236_a_1.nii.gz,/mnt/hwfile/medai/zhangxiaoman/DATA/CT-RATE/dataset/train_preprocessed/train_1236/train_1236a/train_1236_a_1.nii.gz
train_1237_a_1.nii.gz,/mnt/hwfile/medai/zhangxiaoman/DATA/CT-RATE/dataset/train_preprocessed/train_1237/train_1237a/train_1237_a_1.nii.gz
train_1238_a_1.nii.gz,/mnt/hwfile/medai/zhangxiaoman/DATA/CT-RATE/dataset/train_preprocessed/train_1238/train_1238a/train_1238_a_1.nii.gz
train_1239_a_1.nii.gz,/mnt/hwfile/medai/zhangxiaoman/DATA/CT-RATE/dataset/train_preprocessed/train_1239/train_1239a/train_1239_a_1.nii.gz
train_123_a_1.nii.gz,/mnt/hwfile/medai/zhangxiaoman/DATA/CT-RATE/dataset/train_preprocessed/train_123/train_123a/train_123_a_1.nii.gz
train_1240_a_1.nii.gz,/mnt/hwfile/medai/zhangxiaoman/DATA/CT-RATE/dataset/train_preprocessed/train_1240/train_1240a/train_1240_a_1.nii.gz
train_1241_a_1.nii.gz,/mnt/hwfile/medai/zhangxiaoman/DATA/CT-RATE/dataset/train_preprocessed/train_1241/train_1241a/train_1241_a_1.nii.gz
train_1241_b_1.nii.gz,/mnt/hwfile/medai/zhangxiaoman/DATA/CT-RATE/dataset/train_preprocessed/train_1241/train_1241b/train_1241_b_1.nii.gz
train_1241_c_1.nii.gz,/mnt/hwfile/medai/zhangxiaoman/DATA/CT-RATE/dataset/train_preprocessed/train_1241/train_1241c/train_1241_c_1.nii.gz
train_1241_d_1.nii.gz,/mnt/hwfile/medai/zhangxiaoman/DATA/CT-RATE/dataset/train_preprocessed/train_1241/train_1241d/train_1241_d_1.nii.gz
train_1242_a_1.nii.gz,/mnt/hwfile/medai/zhangxiaoman/DATA/CT-RATE/dataset/train_preprocessed/train_1242/train_1242a/train_1242_a_1.nii.gz
train_1242_b_1.nii.gz,/mnt/hwfile/medai/zhangxiaoman/DATA/CT-RATE/dataset/train_preprocessed/train_1242/train_1242b/train_1242_b_1.nii.gz
train_1242_c_1.nii.gz,/mnt/hwfile/medai/zhangxiaoman/DATA/CT-RATE/dataset/train_preprocessed/train_1242/train_1242c/train_1242_c_1.nii.gz
train_1242_d_1.nii.gz,/mnt/hwfile/medai/zhangxiaoman/DATA/CT-RATE/dataset/train_preprocessed/train_1242/train_1242d/train_1242_d_1.nii.gz
train_1243_a_1.nii.gz,/mnt/hwfile/medai/zhangxiaoman/DATA/CT-RATE/dataset/train_preprocessed/train_1243/train_1243a/train_1243_a_1.nii.gz
train_1244_a_1.nii.gz,/mnt/hwfile/medai/zhangxiaoman/DATA/CT-RATE/dataset/train_preprocessed/train_1244/train_1244a/train_1244_a_1.nii.gz
train_1245_a_1.nii.gz,/mnt/hwfile/medai/zhangxiaoman/DATA/CT-RATE/dataset/train_preprocessed/train_1245/train_1245a/train_1245_a_1.nii.gz
train_1246_a_1.nii.gz,/mnt/hwfile/medai/zhangxiaoman/DATA/CT-RATE/dataset/train_preprocessed/train_1246/train_1246a/train_1246_a_1.nii.gz
train_1246_b_1.nii.gz,/mnt/hwfile/medai/zhangxiaoman/DATA/CT-RATE/dataset/train_preprocessed/train_1246/train_1246b/train_1246_b_1.nii.gz
train_1246_c_1.nii.gz,/mnt/hwfile/medai/zhangxiaoman/DATA/CT-RATE/dataset/train_preprocessed/train_1246/train_1246c/train_1246_c_1.nii.gz
train_1247_a_1.nii.gz,/mnt/hwfile/medai/zhangxiaoman/DATA/CT-RATE/dataset/train_preprocessed/train_1247/train_1247a/train_1247_a_1.nii.gz
train_1248_a_1.nii.gz,/mnt/hwfile/medai/zhangxiaoman/DATA/CT-RATE/dataset/train_preprocessed/train_1248/train_1248a/train_1248_a_1.nii.gz
train_1249_a_1.nii.gz,/mnt/hwfile/medai/zhangxiaoman/DATA/CT-RATE/dataset/train_preprocessed/train_1249/train_1249a/train_1249_a_1.nii.gz
train_124_a_1.nii.gz,/mnt/hwfile/medai/zhangxiaoman/DATA/CT-RATE/dataset/train_preprocessed/train_124/train_124a/train_124_a_1.nii.gz
train_1250_a_1.nii.gz,/mnt/hwfile/medai/zhangxiaoman/DATA/CT-RATE/dataset/train_preprocessed/train_1250/train_1250a/train_1250_a_1.nii.gz
train_1251_a_1.nii.gz,/mnt/hwfile/medai/zhangxiaoman/DATA/CT-RATE/dataset/train_preprocessed/train_1251/train_1251a/train_1251_a_1.nii.gz
train_1252_a_1.nii.gz,/mnt/hwfile/medai/zhangxiaoman/DATA/CT-RATE/dataset/train_preprocessed/train_1252/train_1252a/train_1252_a_1.nii.gz
train_1253_a_1.nii.gz,/mnt/hwfile/medai/zhangxiaoman/DATA/CT-RATE/dataset/train_preprocessed/train_1253/train_1253a/train_1253_a_1.nii.gz
train_1254_a_1.nii.gz,/mnt/hwfile/medai/zhangxiaoman/DATA/CT-RATE/dataset/train_preprocessed/train_1254/train_1254a/train_1254_a_1.nii.gz
train_1255_a_1.nii.gz,/mnt/hwfile/medai/zhangxiaoman/DATA/CT-RATE/dataset/train_preprocessed/train_1255/train_1255a/train_1255_a_1.nii.gz
train_1256_a_1.nii.gz,/mnt/hwfile/medai/zhangxiaoman/DATA/CT-RATE/dataset/train_preprocessed/train_1256/train_1256a/train_1256_a_1.nii.gz
train_1256_b_1.nii.gz,/mnt/hwfile/medai/zhangxiaoman/DATA/CT-RATE/dataset/train_preprocessed/train_1256/train_1256b/train_1256_b_1.nii.gz
train_1257_a_1.nii.gz,/mnt/hwfile/medai/zhangxiaoman/DATA/CT-RATE/dataset/train_preprocessed/train_1257/train_1257a/train_1257_a_1.nii.gz
train_1258_a_1.nii.gz,/mnt/hwfile/medai/zhangxiaoman/DATA/CT-RATE/dataset/train_preprocessed/train_1258/train_1258a/train_1258_a_1.nii.gz
train_1259_a_1.nii.gz,/mnt/hwfile/medai/zhangxiaoman/DATA/CT-RATE/dataset/train_preprocessed/train_1259/train_1259a/train_1259_a_1.nii.gz
train_125_a_1.nii.gz,/mnt/hwfile/medai/zhangxiaoman/DATA/CT-RATE/dataset/train_preprocessed/train_125/train_125a/train_125_a_1.nii.gz
train_1260_a_1.nii.gz,/mnt/hwfile/medai/zhangxiaoman/DATA/CT-RATE/dataset/train_preprocessed/train_1260/train_1260a/train_1260_a_1.nii.gz
train_1261_a_1.nii.gz,/mnt/hwfile/medai/zhangxiaoman/DATA/CT-RATE/dataset/train_preprocessed/train_1261/train_1261a/train_1261_a_1.nii.gz
train_1261_b_1.nii.gz,/mnt/hwfile/medai/zhangxiaoman/DATA/CT-RATE/dataset/train_preprocessed/train_1261/train_1261b/train_1261_b_1.nii.gz
train_1261_c_1.nii.gz,/mnt/hwfile/medai/zhangxiaoman/DATA/CT-RATE/dataset/train_preprocessed/train_1261/train_1261c/train_1261_c_1.nii.gz
train_1261_d_1.nii.gz,/mnt/hwfile/medai/zhangxiaoman/DATA/CT-RATE/dataset/train_preprocessed/train_1261/train_1261d/train_1261_d_1.nii.gz
train_1261_e_1.nii.gz,/mnt/hwfile/medai/zhangxiaoman/DATA/CT-RATE/dataset/train_preprocessed/train_1261/train_1261e/train_1261_e_1.nii.gz
train_1262_a_1.nii.gz,/mnt/hwfile/medai/zhangxiaoman/DATA/CT-RATE/dataset/train_preprocessed/train_1262/train_1262a/train_1262_a_1.nii.gz
train_1263_a_1.nii.gz,/mnt/hwfile/medai/zhangxiaoman/DATA/CT-RATE/dataset/train_preprocessed/train_1263/train_1263a/train_1263_a_1.nii.gz
train_1263_b_1.nii.gz,/mnt/hwfile/medai/zhangxiaoman/DATA/CT-RATE/dataset/train_preprocessed/train_1263/train_1263b/train_1263_b_1.nii.gz
train_1264_a_1.nii.gz,/mnt/hwfile/medai/zhangxiaoman/DATA/CT-RATE/dataset/train_preprocessed/train_1264/train_1264a/train_1264_a_1.nii.gz
train_1265_a_1.nii.gz,/mnt/hwfile/medai/zhangxiaoman/DATA/CT-RATE/dataset/train_preprocessed/train_1265/train_1265a/train_1265_a_1.nii.gz
train_1266_a_1.nii.gz,/mnt/hwfile/medai/zhangxiaoman/DATA/CT-RATE/dataset/train_preprocessed/train_1266/train_1266a/train_1266_a_1.nii.gz
train_1267_a_1.nii.gz,/mnt/hwfile/medai/zhangxiaoman/DATA/CT-RATE/dataset/train_preprocessed/train_1267/train_1267a/train_1267_a_1.nii.gz
train_1268_a_1.nii.gz,/mnt/hwfile/medai/zhangxiaoman/DATA/CT-RATE/dataset/train_preprocessed/train_1268/train_1268a/train_1268_a_1.nii.gz
train_1268_b_1.nii.gz,/mnt/hwfile/medai/zhangxiaoman/DATA/CT-RATE/dataset/train_preprocessed/train_1268/train_1268b/train_1268_b_1.nii.gz
train_1269_a_1.nii.gz,/mnt/hwfile/medai/zhangxiaoman/DATA/CT-RATE/dataset/train_preprocessed/train_1269/train_1269a/train_1269_a_1.nii.gz
train_126_a_1.nii.gz,/mnt/hwfile/medai/zhangxiaoman/DATA/CT-RATE/dataset/train_preprocessed/train_126/train_126a/train_126_a_1.nii.gz
train_1270_a_1.nii.gz,/mnt/hwfile/medai/zhangxiaoman/DATA/CT-RATE/dataset/train_preprocessed/train_1270/train_1270a/train_1270_a_1.nii.gz
train_1270_b_1.nii.gz,/mnt/hwfile/medai/zhangxiaoman/DATA/CT-RATE/dataset/train_preprocessed/train_1270/train_1270b/train_1270_b_1.nii.gz
train_1271_a_1.nii.gz,/mnt/hwfile/medai/zhangxiaoman/DATA/CT-RATE/dataset/train_preprocessed/train_1271/train_1271a/train_1271_a_1.nii.gz
train_1272_a_1.nii.gz,/mnt/hwfile/medai/zhangxiaoman/DATA/CT-RATE/dataset/train_preprocessed/train_1272/train_1272a/train_1272_a_1.nii.gz
train_1273_a_1.nii.gz,/mnt/hwfile/medai/zhangxiaoman/DATA/CT-RATE/dataset/train_preprocessed/train_1273/train_1273a/train_1273_a_1.nii.gz
train_1274_a_1.nii.gz,/mnt/hwfile/medai/zhangxiaoman/DATA/CT-RATE/dataset/train_preprocessed/train_1274/train_1274a/train_1274_a_1.nii.gz
train_1275_a_1.nii.gz,/mnt/hwfile/medai/zhangxiaoman/DATA/CT-RATE/dataset/train_preprocessed/train_1275/train_1275a/train_1275_a_1.nii.gz
train_1276_a_1.nii.gz,/mnt/hwfile/medai/zhangxiaoman/DATA/CT-RATE/dataset/train_preprocessed/train_1276/train_1276a/train_1276_a_1.nii.gz
train_1277_a_1.nii.gz,/mnt/hwfile/medai/zhangxiaoman/DATA/CT-RATE/dataset/train_preprocessed/train_1277/train_1277a/train_1277_a_1.nii.gz
train_1278_a_1.nii.gz,/mnt/hwfile/medai/zhangxiaoman/DATA/CT-RATE/dataset/train_preprocessed/train_1278/train_1278a/train_1278_a_1.nii.gz
train_1279_a_1.nii.gz,/mnt/hwfile/medai/zhangxiaoman/DATA/CT-RATE/dataset/train_preprocessed/train_1279/train_1279a/train_1279_a_1.nii.gz
train_127_a_1.nii.gz,/mnt/hwfile/medai/zhangxiaoman/DATA/CT-RATE/dataset/train_preprocessed/train_127/train_127a/train_127_a_1.nii.gz
train_1280_a_1.nii.gz,/mnt/hwfile/medai/zhangxiaoman/DATA/CT-RATE/dataset/train_preprocessed/train_1280/train_1280a/train_1280_a_1.nii.gz
train_1281_a_1.nii.gz,/mnt/hwfile/medai/zhangxiaoman/DATA/CT-RATE/dataset/train_preprocessed/train_1281/train_1281a/train_1281_a_1.nii.gz
train_1281_b_1.nii.gz,/mnt/hwfile/medai/zhangxiaoman/DATA/CT-RATE/dataset/train_preprocessed/train_1281/train_1281b/train_1281_b_1.nii.gz
train_1281_c_1.nii.gz,/mnt/hwfile/medai/zhangxiaoman/DATA/CT-RATE/dataset/train_preprocessed/train_1281/train_1281c/train_1281_c_1.nii.gz
train_1282_a_1.nii.gz,/mnt/hwfile/medai/zhangxiaoman/DATA/CT-RATE/dataset/train_preprocessed/train_1282/train_1282a/train_1282_a_1.nii.gz
train_1283_a_1.nii.gz,/mnt/hwfile/medai/zhangxiaoman/DATA/CT-RATE/dataset/train_preprocessed/train_1283/train_1283a/train_1283_a_1.nii.gz
train_1284_a_1.nii.gz,/mnt/hwfile/medai/zhangxiaoman/DATA/CT-RATE/dataset/train_preprocessed/train_1284/train_1284a/train_1284_a_1.nii.gz
train_1285_a_1.nii.gz,/mnt/hwfile/medai/zhangxiaoman/DATA/CT-RATE/dataset/train_preprocessed/train_1285/train_1285a/train_1285_a_1.nii.gz
train_1285_b_1.nii.gz,/mnt/hwfile/medai/zhangxiaoman/DATA/CT-RATE/dataset/train_preprocessed/train_1285/train_1285b/train_1285_b_1.nii.gz
train_1285_c_1.nii.gz,/mnt/hwfile/medai/zhangxiaoman/DATA/CT-RATE/dataset/train_preprocessed/train_1285/train_1285c/train_1285_c_1.nii.gz
train_1286_a_1.nii.gz,/mnt/hwfile/medai/zhangxiaoman/DATA/CT-RATE/dataset/train_preprocessed/train_1286/train_1286a/train_1286_a_1.nii.gz
train_1287_a_1.nii.gz,/mnt/hwfile/medai/zhangxiaoman/DATA/CT-RATE/dataset/train_preprocessed/train_1287/train_1287a/train_1287_a_1.nii.gz
train_1288_a_1.nii.gz,/mnt/hwfile/medai/zhangxiaoman/DATA/CT-RATE/dataset/train_preprocessed/train_1288/train_1288a/train_1288_a_1.nii.gz
train_1289_a_1.nii.gz,/mnt/hwfile/medai/zhangxiaoman/DATA/CT-RATE/dataset/train_preprocessed/train_1289/train_1289a/train_1289_a_1.nii.gz
train_128_a_1.nii.gz,/mnt/hwfile/medai/zhangxiaoman/DATA/CT-RATE/dataset/train_preprocessed/train_128/train_128a/train_128_a_1.nii.gz
train_1290_a_1.nii.gz,/mnt/hwfile/medai/zhangxiaoman/DATA/CT-RATE/dataset/train_preprocessed/train_1290/train_1290a/train_1290_a_1.nii.gz
train_1291_a_1.nii.gz,/mnt/hwfile/medai/zhangxiaoman/DATA/CT-RATE/dataset/train_preprocessed/train_1291/train_1291a/train_1291_a_1.nii.gz
train_1292_a_1.nii.gz,/mnt/hwfile/medai/zhangxiaoman/DATA/CT-RATE/dataset/train_preprocessed/train_1292/train_1292a/train_1292_a_1.nii.gz
train_1292_b_1.nii.gz,/mnt/hwfile/medai/zhangxiaoman/DATA/CT-RATE/dataset/train_preprocessed/train_1292/train_1292b/train_1292_b_1.nii.gz
train_1292_c_1.nii.gz,/mnt/hwfile/medai/zhangxiaoman/DATA/CT-RATE/dataset/train_preprocessed/train_1292/train_1292c/train_1292_c_1.nii.gz
train_1293_a_1.nii.gz,/mnt/hwfile/medai/zhangxiaoman/DATA/CT-RATE/dataset/train_preprocessed/train_1293/train_1293a/train_1293_a_1.nii.gz
train_1294_a_1.nii.gz,/mnt/hwfile/medai/zhangxiaoman/DATA/CT-RATE/dataset/train_preprocessed/train_1294/train_1294a/train_1294_a_1.nii.gz
train_1295_a_1.nii.gz,/mnt/hwfile/medai/zhangxiaoman/DATA/CT-RATE/dataset/train_preprocessed/train_1295/train_1295a/train_1295_a_1.nii.gz
train_1296_a_1.nii.gz,/mnt/hwfile/medai/zhangxiaoman/DATA/CT-RATE/dataset/train_preprocessed/train_1296/train_1296a/train_1296_a_1.nii.gz
train_1297_a_1.nii.gz,/mnt/hwfile/medai/zhangxiaoman/DATA/CT-RATE/dataset/train_preprocessed/train_1297/train_1297a/train_1297_a_1.nii.gz
train_1298_a_1.nii.gz,/mnt/hwfile/medai/zhangxiaoman/DATA/CT-RATE/dataset/train_preprocessed/train_1298/train_1298a/train_1298_a_1.nii.gz
train_1299_a_1.nii.gz,/mnt/hwfile/medai/zhangxiaoman/DATA/CT-RATE/dataset/train_preprocessed/train_1299/train_1299a/train_1299_a_1.nii.gz
train_129_a_1.nii.gz,/mnt/hwfile/medai/zhangxiaoman/DATA/CT-RATE/dataset/train_preprocessed/train_129/train_129a/train_129_a_1.nii.gz
train_12_a_1.nii.gz,/mnt/hwfile/medai/zhangxiaoman/DATA/CT-RATE/dataset/train_preprocessed/train_12/train_12a/train_12_a_1.nii.gz
train_1300_a_1.nii.gz,/mnt/hwfile/medai/zhangxiaoman/DATA/CT-RATE/dataset/train_preprocessed/train_1300/train_1300a/train_1300_a_1.nii.gz
train_1301_a_1.nii.gz,/mnt/hwfile/medai/zhangxiaoman/DATA/CT-RATE/dataset/train_preprocessed/train_1301/train_1301a/train_1301_a_1.nii.gz
train_1302_a_1.nii.gz,/mnt/hwfile/medai/zhangxiaoman/DATA/CT-RATE/dataset/train_preprocessed/train_1302/train_1302a/train_1302_a_1.nii.gz
train_1303_a_1.nii.gz,/mnt/hwfile/medai/zhangxiaoman/DATA/CT-RATE/dataset/train_preprocessed/train_1303/train_1303a/train_1303_a_1.nii.gz
train_1303_b_1.nii.gz,/mnt/hwfile/medai/zhangxiaoman/DATA/CT-RATE/dataset/train_preprocessed/train_1303/train_1303b/train_1303_b_1.nii.gz
train_1304_a_1.nii.gz,/mnt/hwfile/medai/zhangxiaoman/DATA/CT-RATE/dataset/train_preprocessed/train_1304/train_1304a/train_1304_a_1.nii.gz
train_1304_b_1.nii.gz,/mnt/hwfile/medai/zhangxiaoman/DATA/CT-RATE/dataset/train_preprocessed/train_1304/train_1304b/train_1304_b_1.nii.gz
train_1305_a_1.nii.gz,/mnt/hwfile/medai/zhangxiaoman/DATA/CT-RATE/dataset/train_preprocessed/train_1305/train_1305a/train_1305_a_1.nii.gz
train_1306_a_1.nii.gz,/mnt/hwfile/medai/zhangxiaoman/DATA/CT-RATE/dataset/train_preprocessed/train_1306/train_1306a/train_1306_a_1.nii.gz
train_1307_a_1.nii.gz,/mnt/hwfile/medai/zhangxiaoman/DATA/CT-RATE/dataset/train_preprocessed/train_1307/train_1307a/train_1307_a_1.nii.gz
train_1308_a_1.nii.gz,/mnt/hwfile/medai/zhangxiaoman/DATA/CT-RATE/dataset/train_preprocessed/train_1308/train_1308a/train_1308_a_1.nii.gz
train_1309_a_1.nii.gz,/mnt/hwfile/medai/zhangxiaoman/DATA/CT-RATE/dataset/train_preprocessed/train_1309/train_1309a/train_1309_a_1.nii.gz
train_130_a_1.nii.gz,/mnt/hwfile/medai/zhangxiaoman/DATA/CT-RATE/dataset/train_preprocessed/train_130/train_130a/train_130_a_1.nii.gz
train_1310_a_1.nii.gz,/mnt/hwfile/medai/zhangxiaoman/DATA/CT-RATE/dataset/train_preprocessed/train_1310/train_1310a/train_1310_a_1.nii.gz
train_1310_b_1.nii.gz,/mnt/hwfile/medai/zhangxiaoman/DATA/CT-RATE/dataset/train_preprocessed/train_1310/train_1310b/train_1310_b_1.nii.gz
train_1310_c_1.nii.gz,/mnt/hwfile/medai/zhangxiaoman/DATA/CT-RATE/dataset/train_preprocessed/train_1310/train_1310c/train_1310_c_1.nii.gz
train_1311_a_1.nii.gz,/mnt/hwfile/medai/zhangxiaoman/DATA/CT-RATE/dataset/train_preprocessed/train_1311/train_1311a/train_1311_a_1.nii.gz
train_1312_a_1.nii.gz,/mnt/hwfile/medai/zhangxiaoman/DATA/CT-RATE/dataset/train_preprocessed/train_1312/train_1312a/train_1312_a_1.nii.gz
train_1312_b_1.nii.gz,/mnt/hwfile/medai/zhangxiaoman/DATA/CT-RATE/dataset/train_preprocessed/train_1312/train_1312b/train_1312_b_1.nii.gz
train_1313_a_1.nii.gz,/mnt/hwfile/medai/zhangxiaoman/DATA/CT-RATE/dataset/train_preprocessed/train_1313/train_1313a/train_1313_a_1.nii.gz
train_1313_b_1.nii.gz,/mnt/hwfile/medai/zhangxiaoman/DATA/CT-RATE/dataset/train_preprocessed/train_1313/train_1313b/train_1313_b_1.nii.gz
train_1314_a_1.nii.gz,/mnt/hwfile/medai/zhangxiaoman/DATA/CT-RATE/dataset/train_preprocessed/train_1314/train_1314a/train_1314_a_1.nii.gz
train_1315_a_1.nii.gz,/mnt/hwfile/medai/zhangxiaoman/DATA/CT-RATE/dataset/train_preprocessed/train_1315/train_1315a/train_1315_a_1.nii.gz
train_1316_a_1.nii.gz,/mnt/hwfile/medai/zhangxiaoman/DATA/CT-RATE/dataset/train_preprocessed/train_1316/train_1316a/train_1316_a_1.nii.gz
train_1317_a_1.nii.gz,/mnt/hwfile/medai/zhangxiaoman/DATA/CT-RATE/dataset/train_preprocessed/train_1317/train_1317a/train_1317_a_1.nii.gz
train_1318_a_1.nii.gz,/mnt/hwfile/medai/zhangxiaoman/DATA/CT-RATE/dataset/train_preprocessed/train_1318/train_1318a/train_1318_a_1.nii.gz
train_1319_a_1.nii.gz,/mnt/hwfile/medai/zhangxiaoman/DATA/CT-RATE/dataset/train_preprocessed/train_1319/train_1319a/train_1319_a_1.nii.gz
train_131_a_1.nii.gz,/mnt/hwfile/medai/zhangxiaoman/DATA/CT-RATE/dataset/train_preprocessed/train_131/train_131a/train_131_a_1.nii.gz
train_1320_a_1.nii.gz,/mnt/hwfile/medai/zhangxiaoman/DATA/CT-RATE/dataset/train_preprocessed/train_1320/train_1320a/train_1320_a_1.nii.gz
train_1320_b_1.nii.gz,/mnt/hwfile/medai/zhangxiaoman/DATA/CT-RATE/dataset/train_preprocessed/train_1320/train_1320b/train_1320_b_1.nii.gz
train_1321_a_1.nii.gz,/mnt/hwfile/medai/zhangxiaoman/DATA/CT-RATE/dataset/train_preprocessed/train_1321/train_1321a/train_1321_a_1.nii.gz
train_1322_a_1.nii.gz,/mnt/hwfile/medai/zhangxiaoman/DATA/CT-RATE/dataset/train_preprocessed/train_1322/train_1322a/train_1322_a_1.nii.gz
train_1323_a_1.nii.gz,/mnt/hwfile/medai/zhangxiaoman/DATA/CT-RATE/dataset/train_preprocessed/train_1323/train_1323a/train_1323_a_1.nii.gz
train_1324_a_1.nii.gz,/mnt/hwfile/medai/zhangxiaoman/DATA/CT-RATE/dataset/train_preprocessed/train_1324/train_1324a/train_1324_a_1.nii.gz
train_1325_a_1.nii.gz,/mnt/hwfile/medai/zhangxiaoman/DATA/CT-RATE/dataset/train_preprocessed/train_1325/train_1325a/train_1325_a_1.nii.gz
train_1326_a_1.nii.gz,/mnt/hwfile/medai/zhangxiaoman/DATA/CT-RATE/dataset/train_preprocessed/train_1326/train_1326a/train_1326_a_1.nii.gz
train_1327_a_1.nii.gz,/mnt/hwfile/medai/zhangxiaoman/DATA/CT-RATE/dataset/train_preprocessed/train_1327/train_1327a/train_1327_a_1.nii.gz
train_1328_a_1.nii.gz,/mnt/hwfile/medai/zhangxiaoman/DATA/CT-RATE/dataset/train_preprocessed/train_1328/train_1328a/train_1328_a_1.nii.gz
train_1329_a_1.nii.gz,/mnt/hwfile/medai/zhangxiaoman/DATA/CT-RATE/dataset/train_preprocessed/train_1329/train_1329a/train_1329_a_1.nii.gz
train_1329_b_1.nii.gz,/mnt/hwfile/medai/zhangxiaoman/DATA/CT-RATE/dataset/train_preprocessed/train_1329/train_1329b/train_1329_b_1.nii.gz
train_132_a_1.nii.gz,/mnt/hwfile/medai/zhangxiaoman/DATA/CT-RATE/dataset/train_preprocessed/train_132/train_132a/train_132_a_1.nii.gz
train_1330_a_1.nii.gz,/mnt/hwfile/medai/zhangxiaoman/DATA/CT-RATE/dataset/train_preprocessed/train_1330/train_1330a/train_1330_a_1.nii.gz
train_1331_a_1.nii.gz,/mnt/hwfile/medai/zhangxiaoman/DATA/CT-RATE/dataset/train_preprocessed/train_1331/train_1331a/train_1331_a_1.nii.gz
train_1331_b_1.nii.gz,/mnt/hwfile/medai/zhangxiaoman/DATA/CT-RATE/dataset/train_preprocessed/train_1331/train_1331b/train_1331_b_1.nii.gz
train_1332_a_1.nii.gz,/mnt/hwfile/medai/zhangxiaoman/DATA/CT-RATE/dataset/train_preprocessed/train_1332/train_1332a/train_1332_a_1.nii.gz
train_1333_a_1.nii.gz,/mnt/hwfile/medai/zhangxiaoman/DATA/CT-RATE/dataset/train_preprocessed/train_1333/train_1333a/train_1333_a_1.nii.gz
train_1334_a_1.nii.gz,/mnt/hwfile/medai/zhangxiaoman/DATA/CT-RATE/dataset/train_preprocessed/train_1334/train_1334a/train_1334_a_1.nii.gz
train_1335_a_1.nii.gz,/mnt/hwfile/medai/zhangxiaoman/DATA/CT-RATE/dataset/train_preprocessed/train_1335/train_1335a/train_1335_a_1.nii.gz
train_1336_a_1.nii.gz,/mnt/hwfile/medai/zhangxiaoman/DATA/CT-RATE/dataset/train_preprocessed/train_1336/train_1336a/train_1336_a_1.nii.gz
train_1337_a_1.nii.gz,/mnt/hwfile/medai/zhangxiaoman/DATA/CT-RATE/dataset/train_preprocessed/train_1337/train_1337a/train_1337_a_1.nii.gz
train_1338_a_1.nii.gz,/mnt/hwfile/medai/zhangxiaoman/DATA/CT-RATE/dataset/train_preprocessed/train_1338/train_1338a/train_1338_a_1.nii.gz
train_1339_a_1.nii.gz,/mnt/hwfile/medai/zhangxiaoman/DATA/CT-RATE/dataset/train_preprocessed/train_1339/train_1339a/train_1339_a_1.nii.gz
train_133_a_1.nii.gz,/mnt/hwfile/medai/zhangxiaoman/DATA/CT-RATE/dataset/train_preprocessed/train_133/train_133a/train_133_a_1.nii.gz
train_1340_a_1.nii.gz,/mnt/hwfile/medai/zhangxiaoman/DATA/CT-RATE/dataset/train_preprocessed/train_1340/train_1340a/train_1340_a_1.nii.gz
train_1341_a_1.nii.gz,/mnt/hwfile/medai/zhangxiaoman/DATA/CT-RATE/dataset/train_preprocessed/train_1341/train_1341a/train_1341_a_1.nii.gz
train_1342_a_1.nii.gz,/mnt/hwfile/medai/zhangxiaoman/DATA/CT-RATE/dataset/train_preprocessed/train_1342/train_1342a/train_1342_a_1.nii.gz
train_1343_a_1.nii.gz,/mnt/hwfile/medai/zhangxiaoman/DATA/CT-RATE/dataset/train_preprocessed/train_1343/train_1343a/train_1343_a_1.nii.gz
train_1344_a_1.nii.gz,/mnt/hwfile/medai/zhangxiaoman/DATA/CT-RATE/dataset/train_preprocessed/train_1344/train_1344a/train_1344_a_1.nii.gz
train_1345_a_1.nii.gz,/mnt/hwfile/medai/zhangxiaoman/DATA/CT-RATE/dataset/train_preprocessed/train_1345/train_1345a/train_1345_a_1.nii.gz
train_1346_a_1.nii.gz,/mnt/hwfile/medai/zhangxiaoman/DATA/CT-RATE/dataset/train_preprocessed/train_1346/train_1346a/train_1346_a_1.nii.gz
train_1347_a_1.nii.gz,/mnt/hwfile/medai/zhangxiaoman/DATA/CT-RATE/dataset/train_preprocessed/train_1347/train_1347a/train_1347_a_1.nii.gz
train_1348_a_1.nii.gz,/mnt/hwfile/medai/zhangxiaoman/DATA/CT-RATE/dataset/train_preprocessed/train_1348/train_1348a/train_1348_a_1.nii.gz
train_1348_b_1.nii.gz,/mnt/hwfile/medai/zhangxiaoman/DATA/CT-RATE/dataset/train_preprocessed/train_1348/train_1348b/train_1348_b_1.nii.gz
train_1348_c_1.nii.gz,/mnt/hwfile/medai/zhangxiaoman/DATA/CT-RATE/dataset/train_preprocessed/train_1348/train_1348c/train_1348_c_1.nii.gz
train_1348_d_1.nii.gz,/mnt/hwfile/medai/zhangxiaoman/DATA/CT-RATE/dataset/train_preprocessed/train_1348/train_1348d/train_1348_d_1.nii.gz
train_1348_e_1.nii.gz,/mnt/hwfile/medai/zhangxiaoman/DATA/CT-RATE/dataset/train_preprocessed/train_1348/train_1348e/train_1348_e_1.nii.gz
train_1348_f_1.nii.gz,/mnt/hwfile/medai/zhangxiaoman/DATA/CT-RATE/dataset/train_preprocessed/train_1348/train_1348f/train_1348_f_1.nii.gz
train_1348_g_1.nii.gz,/mnt/hwfile/medai/zhangxiaoman/DATA/CT-RATE/dataset/train_preprocessed/train_1348/train_1348g/train_1348_g_1.nii.gz
train_1349_a_1.nii.gz,/mnt/hwfile/medai/zhangxiaoman/DATA/CT-RATE/dataset/train_preprocessed/train_1349/train_1349a/train_1349_a_1.nii.gz
train_134_a_1.nii.gz,/mnt/hwfile/medai/zhangxiaoman/DATA/CT-RATE/dataset/train_preprocessed/train_134/train_134a/train_134_a_1.nii.gz
train_1350_a_1.nii.gz,/mnt/hwfile/medai/zhangxiaoman/DATA/CT-RATE/dataset/train_preprocessed/train_1350/train_1350a/train_1350_a_1.nii.gz
train_1351_a_1.nii.gz,/mnt/hwfile/medai/zhangxiaoman/DATA/CT-RATE/dataset/train_preprocessed/train_1351/train_1351a/train_1351_a_1.nii.gz
train_1352_a_1.nii.gz,/mnt/hwfile/medai/zhangxiaoman/DATA/CT-RATE/dataset/train_preprocessed/train_1352/train_1352a/train_1352_a_1.nii.gz
train_1353_a_1.nii.gz,/mnt/hwfile/medai/zhangxiaoman/DATA/CT-RATE/dataset/train_preprocessed/train_1353/train_1353a/train_1353_a_1.nii.gz
train_1354_a_1.nii.gz,/mnt/hwfile/medai/zhangxiaoman/DATA/CT-RATE/dataset/train_preprocessed/train_1354/train_1354a/train_1354_a_1.nii.gz
train_1355_a_1.nii.gz,/mnt/hwfile/medai/zhangxiaoman/DATA/CT-RATE/dataset/train_preprocessed/train_1355/train_1355a/train_1355_a_1.nii.gz
train_1356_a_1.nii.gz,/mnt/hwfile/medai/zhangxiaoman/DATA/CT-RATE/dataset/train_preprocessed/train_1356/train_1356a/train_1356_a_1.nii.gz
train_1356_b_1.nii.gz,/mnt/hwfile/medai/zhangxiaoman/DATA/CT-RATE/dataset/train_preprocessed/train_1356/train_1356b/train_1356_b_1.nii.gz
train_1357_a_1.nii.gz,/mnt/hwfile/medai/zhangxiaoman/DATA/CT-RATE/dataset/train_preprocessed/train_1357/train_1357a/train_1357_a_1.nii.gz
train_1358_a_1.nii.gz,/mnt/hwfile/medai/zhangxiaoman/DATA/CT-RATE/dataset/train_preprocessed/train_1358/train_1358a/train_1358_a_1.nii.gz
train_1359_a_1.nii.gz,/mnt/hwfile/medai/zhangxiaoman/DATA/CT-RATE/dataset/train_preprocessed/train_1359/train_1359a/train_1359_a_1.nii.gz
train_135_a_1.nii.gz,/mnt/hwfile/medai/zhangxiaoman/DATA/CT-RATE/dataset/train_preprocessed/train_135/train_135a/train_135_a_1.nii.gz
train_1360_a_1.nii.gz,/mnt/hwfile/medai/zhangxiaoman/DATA/CT-RATE/dataset/train_preprocessed/train_1360/train_1360a/train_1360_a_1.nii.gz
train_1361_a_1.nii.gz,/mnt/hwfile/medai/zhangxiaoman/DATA/CT-RATE/dataset/train_preprocessed/train_1361/train_1361a/train_1361_a_1.nii.gz
train_1362_a_1.nii.gz,/mnt/hwfile/medai/zhangxiaoman/DATA/CT-RATE/dataset/train_preprocessed/train_1362/train_1362a/train_1362_a_1.nii.gz
train_1363_a_1.nii.gz,/mnt/hwfile/medai/zhangxiaoman/DATA/CT-RATE/dataset/train_preprocessed/train_1363/train_1363a/train_1363_a_1.nii.gz
train_1364_a_1.nii.gz,/mnt/hwfile/medai/zhangxiaoman/DATA/CT-RATE/dataset/train_preprocessed/train_1364/train_1364a/train_1364_a_1.nii.gz
train_1364_b_1.nii.gz,/mnt/hwfile/medai/zhangxiaoman/DATA/CT-RATE/dataset/train_preprocessed/train_1364/train_1364b/train_1364_b_1.nii.gz
train_1364_c_1.nii.gz,/mnt/hwfile/medai/zhangxiaoman/DATA/CT-RATE/dataset/train_preprocessed/train_1364/train_1364c/train_1364_c_1.nii.gz
train_1364_d_1.nii.gz,/mnt/hwfile/medai/zhangxiaoman/DATA/CT-RATE/dataset/train_preprocessed/train_1364/train_1364d/train_1364_d_1.nii.gz
train_1365_a_1.nii.gz,/mnt/hwfile/medai/zhangxiaoman/DATA/CT-RATE/dataset/train_preprocessed/train_1365/train_1365a/train_1365_a_1.nii.gz
train_1366_a_1.nii.gz,/mnt/hwfile/medai/zhangxiaoman/DATA/CT-RATE/dataset/train_preprocessed/train_1366/train_1366a/train_1366_a_1.nii.gz
train_1367_a_1.nii.gz,/mnt/hwfile/medai/zhangxiaoman/DATA/CT-RATE/dataset/train_preprocessed/train_1367/train_1367a/train_1367_a_1.nii.gz
train_1368_a_1.nii.gz,/mnt/hwfile/medai/zhangxiaoman/DATA/CT-RATE/dataset/train_preprocessed/train_1368/train_1368a/train_1368_a_1.nii.gz
train_1369_a_1.nii.gz,/mnt/hwfile/medai/zhangxiaoman/DATA/CT-RATE/dataset/train_preprocessed/train_1369/train_1369a/train_1369_a_1.nii.gz
train_1369_b_1.nii.gz,/mnt/hwfile/medai/zhangxiaoman/DATA/CT-RATE/dataset/train_preprocessed/train_1369/train_1369b/train_1369_b_1.nii.gz
train_136_a_1.nii.gz,/mnt/hwfile/medai/zhangxiaoman/DATA/CT-RATE/dataset/train_preprocessed/train_136/train_136a/train_136_a_1.nii.gz
train_1370_a_1.nii.gz,/mnt/hwfile/medai/zhangxiaoman/DATA/CT-RATE/dataset/train_preprocessed/train_1370/train_1370a/train_1370_a_1.nii.gz
train_1371_a_1.nii.gz,/mnt/hwfile/medai/zhangxiaoman/DATA/CT-RATE/dataset/train_preprocessed/train_1371/train_1371a/train_1371_a_1.nii.gz
train_1372_a_1.nii.gz,/mnt/hwfile/medai/zhangxiaoman/DATA/CT-RATE/dataset/train_preprocessed/train_1372/train_1372a/train_1372_a_1.nii.gz
train_1373_a_1.nii.gz,/mnt/hwfile/medai/zhangxiaoman/DATA/CT-RATE/dataset/train_preprocessed/train_1373/train_1373a/train_1373_a_1.nii.gz
train_1374_a_1.nii.gz,/mnt/hwfile/medai/zhangxiaoman/DATA/CT-RATE/dataset/train_preprocessed/train_1374/train_1374a/train_1374_a_1.nii.gz
train_1375_a_1.nii.gz,/mnt/hwfile/medai/zhangxiaoman/DATA/CT-RATE/dataset/train_preprocessed/train_1375/train_1375a/train_1375_a_1.nii.gz
train_1376_a_1.nii.gz,/mnt/hwfile/medai/zhangxiaoman/DATA/CT-RATE/dataset/train_preprocessed/train_1376/train_1376a/train_1376_a_1.nii.gz
train_1377_a_1.nii.gz,/mnt/hwfile/medai/zhangxiaoman/DATA/CT-RATE/dataset/train_preprocessed/train_1377/train_1377a/train_1377_a_1.nii.gz
train_1378_a_1.nii.gz,/mnt/hwfile/medai/zhangxiaoman/DATA/CT-RATE/dataset/train_preprocessed/train_1378/train_1378a/train_1378_a_1.nii.gz
train_1378_b_1.nii.gz,/mnt/hwfile/medai/zhangxiaoman/DATA/CT-RATE/dataset/train_preprocessed/train_1378/train_1378b/train_1378_b_1.nii.gz
train_1378_c_1.nii.gz,/mnt/hwfile/medai/zhangxiaoman/DATA/CT-RATE/dataset/train_preprocessed/train_1378/train_1378c/train_1378_c_1.nii.gz
train_1379_a_1.nii.gz,/mnt/hwfile/medai/zhangxiaoman/DATA/CT-RATE/dataset/train_preprocessed/train_1379/train_1379a/train_1379_a_1.nii.gz
train_137_a_1.nii.gz,/mnt/hwfile/medai/zhangxiaoman/DATA/CT-RATE/dataset/train_preprocessed/train_137/train_137a/train_137_a_1.nii.gz
train_1380_a_1.nii.gz,/mnt/hwfile/medai/zhangxiaoman/DATA/CT-RATE/dataset/train_preprocessed/train_1380/train_1380a/train_1380_a_1.nii.gz
train_1381_a_1.nii.gz,/mnt/hwfile/medai/zhangxiaoman/DATA/CT-RATE/dataset/train_preprocessed/train_1381/train_1381a/train_1381_a_1.nii.gz
train_1381_b_1.nii.gz,/mnt/hwfile/medai/zhangxiaoman/DATA/CT-RATE/dataset/train_preprocessed/train_1381/train_1381b/train_1381_b_1.nii.gz
train_1381_c_1.nii.gz,/mnt/hwfile/medai/zhangxiaoman/DATA/CT-RATE/dataset/train_preprocessed/train_1381/train_1381c/train_1381_c_1.nii.gz
train_1381_d_1.nii.gz,/mnt/hwfile/medai/zhangxiaoman/DATA/CT-RATE/dataset/train_preprocessed/train_1381/train_1381d/train_1381_d_1.nii.gz
train_1382_a_1.nii.gz,/mnt/hwfile/medai/zhangxiaoman/DATA/CT-RATE/dataset/train_preprocessed/train_1382/train_1382a/train_1382_a_1.nii.gz
train_1383_a_1.nii.gz,/mnt/hwfile/medai/zhangxiaoman/DATA/CT-RATE/dataset/train_preprocessed/train_1383/train_1383a/train_1383_a_1.nii.gz
train_1384_a_1.nii.gz,/mnt/hwfile/medai/zhangxiaoman/DATA/CT-RATE/dataset/train_preprocessed/train_1384/train_1384a/train_1384_a_1.nii.gz
train_1384_b_1.nii.gz,/mnt/hwfile/medai/zhangxiaoman/DATA/CT-RATE/dataset/train_preprocessed/train_1384/train_1384b/train_1384_b_1.nii.gz
train_1384_c_1.nii.gz,/mnt/hwfile/medai/zhangxiaoman/DATA/CT-RATE/dataset/train_preprocessed/train_1384/train_1384c/train_1384_c_1.nii.gz
train_1384_d_1.nii.gz,/mnt/hwfile/medai/zhangxiaoman/DATA/CT-RATE/dataset/train_preprocessed/train_1384/train_1384d/train_1384_d_1.nii.gz
train_1384_e_1.nii.gz,/mnt/hwfile/medai/zhangxiaoman/DATA/CT-RATE/dataset/train_preprocessed/train_1384/train_1384e/train_1384_e_1.nii.gz
train_1384_f_1.nii.gz,/mnt/hwfile/medai/zhangxiaoman/DATA/CT-RATE/dataset/train_preprocessed/train_1384/train_1384f/train_1384_f_1.nii.gz
train_1384_g_1.nii.gz,/mnt/hwfile/medai/zhangxiaoman/DATA/CT-RATE/dataset/train_preprocessed/train_1384/train_1384g/train_1384_g_1.nii.gz
train_1385_a_1.nii.gz,/mnt/hwfile/medai/zhangxiaoman/DATA/CT-RATE/dataset/train_preprocessed/train_1385/train_1385a/train_1385_a_1.nii.gz
train_1386_a_1.nii.gz,/mnt/hwfile/medai/zhangxiaoman/DATA/CT-RATE/dataset/train_preprocessed/train_1386/train_1386a/train_1386_a_1.nii.gz
train_1387_a_1.nii.gz,/mnt/hwfile/medai/zhangxiaoman/DATA/CT-RATE/dataset/train_preprocessed/train_1387/train_1387a/train_1387_a_1.nii.gz
train_1387_b_1.nii.gz,/mnt/hwfile/medai/zhangxiaoman/DATA/CT-RATE/dataset/train_preprocessed/train_1387/train_1387b/train_1387_b_1.nii.gz
train_1388_a_1.nii.gz,/mnt/hwfile/medai/zhangxiaoman/DATA/CT-RATE/dataset/train_preprocessed/train_1388/train_1388a/train_1388_a_1.nii.gz
train_1389_a_1.nii.gz,/mnt/hwfile/medai/zhangxiaoman/DATA/CT-RATE/dataset/train_preprocessed/train_1389/train_1389a/train_1389_a_1.nii.gz
train_138_a_1.nii.gz,/mnt/hwfile/medai/zhangxiaoman/DATA/CT-RATE/dataset/train_preprocessed/train_138/train_138a/train_138_a_1.nii.gz
train_138_b_1.nii.gz,/mnt/hwfile/medai/zhangxiaoman/DATA/CT-RATE/dataset/train_preprocessed/train_138/train_138b/train_138_b_1.nii.gz
train_1390_a_1.nii.gz,/mnt/hwfile/medai/zhangxiaoman/DATA/CT-RATE/dataset/train_preprocessed/train_1390/train_1390a/train_1390_a_1.nii.gz
train_1391_a_1.nii.gz,/mnt/hwfile/medai/zhangxiaoman/DATA/CT-RATE/dataset/train_preprocessed/train_1391/train_1391a/train_1391_a_1.nii.gz
train_1392_a_1.nii.gz,/mnt/hwfile/medai/zhangxiaoman/DATA/CT-RATE/dataset/train_preprocessed/train_1392/train_1392a/train_1392_a_1.nii.gz
train_1393_a_1.nii.gz,/mnt/hwfile/medai/zhangxiaoman/DATA/CT-RATE/dataset/train_preprocessed/train_1393/train_1393a/train_1393_a_1.nii.gz
train_1394_a_1.nii.gz,/mnt/hwfile/medai/zhangxiaoman/DATA/CT-RATE/dataset/train_preprocessed/train_1394/train_1394a/train_1394_a_1.nii.gz
train_1395_a_1.nii.gz,/mnt/hwfile/medai/zhangxiaoman/DATA/CT-RATE/dataset/train_preprocessed/train_1395/train_1395a/train_1395_a_1.nii.gz
train_1396_a_1.nii.gz,/mnt/hwfile/medai/zhangxiaoman/DATA/CT-RATE/dataset/train_preprocessed/train_1396/train_1396a/train_1396_a_1.nii.gz
train_1396_b_1.nii.gz,/mnt/hwfile/medai/zhangxiaoman/DATA/CT-RATE/dataset/train_preprocessed/train_1396/train_1396b/train_1396_b_1.nii.gz
train_1396_c_1.nii.gz,/mnt/hwfile/medai/zhangxiaoman/DATA/CT-RATE/dataset/train_preprocessed/train_1396/train_1396c/train_1396_c_1.nii.gz
train_1396_d_1.nii.gz,/mnt/hwfile/medai/zhangxiaoman/DATA/CT-RATE/dataset/train_preprocessed/train_1396/train_1396d/train_1396_d_1.nii.gz
train_1396_e_1.nii.gz,/mnt/hwfile/medai/zhangxiaoman/DATA/CT-RATE/dataset/train_preprocessed/train_1396/train_1396e/train_1396_e_1.nii.gz
train_1397_a_1.nii.gz,/mnt/hwfile/medai/zhangxiaoman/DATA/CT-RATE/dataset/train_preprocessed/train_1397/train_1397a/train_1397_a_1.nii.gz
train_1398_a_1.nii.gz,/mnt/hwfile/medai/zhangxiaoman/DATA/CT-RATE/dataset/train_preprocessed/train_1398/train_1398a/train_1398_a_1.nii.gz
train_1399_a_1.nii.gz,/mnt/hwfile/medai/zhangxiaoman/DATA/CT-RATE/dataset/train_preprocessed/train_1399/train_1399a/train_1399_a_1.nii.gz
train_139_a_1.nii.gz,/mnt/hwfile/medai/zhangxiaoman/DATA/CT-RATE/dataset/train_preprocessed/train_139/train_139a/train_139_a_1.nii.gz
train_139_b_1.nii.gz,/mnt/hwfile/medai/zhangxiaoman/DATA/CT-RATE/dataset/train_preprocessed/train_139/train_139b/train_139_b_1.nii.gz
train_13_a_1.nii.gz,/mnt/hwfile/medai/zhangxiaoman/DATA/CT-RATE/dataset/train_preprocessed/train_13/train_13a/train_13_a_1.nii.gz
train_1400_a_1.nii.gz,/mnt/hwfile/medai/zhangxiaoman/DATA/CT-RATE/dataset/train_preprocessed/train_1400/train_1400a/train_1400_a_1.nii.gz
train_1401_a_1.nii.gz,/mnt/hwfile/medai/zhangxiaoman/DATA/CT-RATE/dataset/train_preprocessed/train_1401/train_1401a/train_1401_a_1.nii.gz
train_1401_b_1.nii.gz,/mnt/hwfile/medai/zhangxiaoman/DATA/CT-RATE/dataset/train_preprocessed/train_1401/train_1401b/train_1401_b_1.nii.gz
train_1402_a_1.nii.gz,/mnt/hwfile/medai/zhangxiaoman/DATA/CT-RATE/dataset/train_preprocessed/train_1402/train_1402a/train_1402_a_1.nii.gz
train_1403_a_1.nii.gz,/mnt/hwfile/medai/zhangxiaoman/DATA/CT-RATE/dataset/train_preprocessed/train_1403/train_1403a/train_1403_a_1.nii.gz
train_1404_a_1.nii.gz,/mnt/hwfile/medai/zhangxiaoman/DATA/CT-RATE/dataset/train_preprocessed/train_1404/train_1404a/train_1404_a_1.nii.gz
train_1405_a_1.nii.gz,/mnt/hwfile/medai/zhangxiaoman/DATA/CT-RATE/dataset/train_preprocessed/train_1405/train_1405a/train_1405_a_1.nii.gz
train_1406_a_1.nii.gz,/mnt/hwfile/medai/zhangxiaoman/DATA/CT-RATE/dataset/train_preprocessed/train_1406/train_1406a/train_1406_a_1.nii.gz
train_1407_a_1.nii.gz,/mnt/hwfile/medai/zhangxiaoman/DATA/CT-RATE/dataset/train_preprocessed/train_1407/train_1407a/train_1407_a_1.nii.gz
train_1408_a_1.nii.gz,/mnt/hwfile/medai/zhangxiaoman/DATA/CT-RATE/dataset/train_preprocessed/train_1408/train_1408a/train_1408_a_1.nii.gz
train_1409_a_1.nii.gz,/mnt/hwfile/medai/zhangxiaoman/DATA/CT-RATE/dataset/train_preprocessed/train_1409/train_1409a/train_1409_a_1.nii.gz
train_140_a_1.nii.gz,/mnt/hwfile/medai/zhangxiaoman/DATA/CT-RATE/dataset/train_preprocessed/train_140/train_140a/train_140_a_1.nii.gz
train_140_b_1.nii.gz,/mnt/hwfile/medai/zhangxiaoman/DATA/CT-RATE/dataset/train_preprocessed/train_140/train_140b/train_140_b_1.nii.gz
train_1410_a_1.nii.gz,/mnt/hwfile/medai/zhangxiaoman/DATA/CT-RATE/dataset/train_preprocessed/train_1410/train_1410a/train_1410_a_1.nii.gz
train_1411_a_1.nii.gz,/mnt/hwfile/medai/zhangxiaoman/DATA/CT-RATE/dataset/train_preprocessed/train_1411/train_1411a/train_1411_a_1.nii.gz
train_1412_a_1.nii.gz,/mnt/hwfile/medai/zhangxiaoman/DATA/CT-RATE/dataset/train_preprocessed/train_1412/train_1412a/train_1412_a_1.nii.gz
train_1413_a_1.nii.gz,/mnt/hwfile/medai/zhangxiaoman/DATA/CT-RATE/dataset/train_preprocessed/train_1413/train_1413a/train_1413_a_1.nii.gz
train_1414_a_1.nii.gz,/mnt/hwfile/medai/zhangxiaoman/DATA/CT-RATE/dataset/train_preprocessed/train_1414/train_1414a/train_1414_a_1.nii.gz
train_1415_a_1.nii.gz,/mnt/hwfile/medai/zhangxiaoman/DATA/CT-RATE/dataset/train_preprocessed/train_1415/train_1415a/train_1415_a_1.nii.gz
train_1416_a_1.nii.gz,/mnt/hwfile/medai/zhangxiaoman/DATA/CT-RATE/dataset/train_preprocessed/train_1416/train_1416a/train_1416_a_1.nii.gz
train_1417_a_1.nii.gz,/mnt/hwfile/medai/zhangxiaoman/DATA/CT-RATE/dataset/train_preprocessed/train_1417/train_1417a/train_1417_a_1.nii.gz
train_1418_a_1.nii.gz,/mnt/hwfile/medai/zhangxiaoman/DATA/CT-RATE/dataset/train_preprocessed/train_1418/train_1418a/train_1418_a_1.nii.gz
train_1419_a_1.nii.gz,/mnt/hwfile/medai/zhangxiaoman/DATA/CT-RATE/dataset/train_preprocessed/train_1419/train_1419a/train_1419_a_1.nii.gz
train_141_a_1.nii.gz,/mnt/hwfile/medai/zhangxiaoman/DATA/CT-RATE/dataset/train_preprocessed/train_141/train_141a/train_141_a_1.nii.gz
train_1420_a_1.nii.gz,/mnt/hwfile/medai/zhangxiaoman/DATA/CT-RATE/dataset/train_preprocessed/train_1420/train_1420a/train_1420_a_1.nii.gz
train_1421_a_1.nii.gz,/mnt/hwfile/medai/zhangxiaoman/DATA/CT-RATE/dataset/train_preprocessed/train_1421/train_1421a/train_1421_a_1.nii.gz
train_1422_a_1.nii.gz,/mnt/hwfile/medai/zhangxiaoman/DATA/CT-RATE/dataset/train_preprocessed/train_1422/train_1422a/train_1422_a_1.nii.gz
train_1422_b_1.nii.gz,/mnt/hwfile/medai/zhangxiaoman/DATA/CT-RATE/dataset/train_preprocessed/train_1422/train_1422b/train_1422_b_1.nii.gz
train_1422_c_1.nii.gz,/mnt/hwfile/medai/zhangxiaoman/DATA/CT-RATE/dataset/train_preprocessed/train_1422/train_1422c/train_1422_c_1.nii.gz
train_1423_a_1.nii.gz,/mnt/hwfile/medai/zhangxiaoman/DATA/CT-RATE/dataset/train_preprocessed/train_1423/train_1423a/train_1423_a_1.nii.gz
train_1424_a_1.nii.gz,/mnt/hwfile/medai/zhangxiaoman/DATA/CT-RATE/dataset/train_preprocessed/train_1424/train_1424a/train_1424_a_1.nii.gz
train_1425_a_1.nii.gz,/mnt/hwfile/medai/zhangxiaoman/DATA/CT-RATE/dataset/train_preprocessed/train_1425/train_1425a/train_1425_a_1.nii.gz
train_1426_a_1.nii.gz,/mnt/hwfile/medai/zhangxiaoman/DATA/CT-RATE/dataset/train_preprocessed/train_1426/train_1426a/train_1426_a_1.nii.gz
train_1427_a_1.nii.gz,/mnt/hwfile/medai/zhangxiaoman/DATA/CT-RATE/dataset/train_preprocessed/train_1427/train_1427a/train_1427_a_1.nii.gz
train_1428_a_1.nii.gz,/mnt/hwfile/medai/zhangxiaoman/DATA/CT-RATE/dataset/train_preprocessed/train_1428/train_1428a/train_1428_a_1.nii.gz
train_1429_a_1.nii.gz,/mnt/hwfile/medai/zhangxiaoman/DATA/CT-RATE/dataset/train_preprocessed/train_1429/train_1429a/train_1429_a_1.nii.gz
train_1429_b_1.nii.gz,/mnt/hwfile/medai/zhangxiaoman/DATA/CT-RATE/dataset/train_preprocessed/train_1429/train_1429b/train_1429_b_1.nii.gz
train_1429_c_1.nii.gz,/mnt/hwfile/medai/zhangxiaoman/DATA/CT-RATE/dataset/train_preprocessed/train_1429/train_1429c/train_1429_c_1.nii.gz
train_142_a_1.nii.gz,/mnt/hwfile/medai/zhangxiaoman/DATA/CT-RATE/dataset/train_preprocessed/train_142/train_142a/train_142_a_1.nii.gz
train_1430_a_1.nii.gz,/mnt/hwfile/medai/zhangxiaoman/DATA/CT-RATE/dataset/train_preprocessed/train_1430/train_1430a/train_1430_a_1.nii.gz
train_1431_a_1.nii.gz,/mnt/hwfile/medai/zhangxiaoman/DATA/CT-RATE/dataset/train_preprocessed/train_1431/train_1431a/train_1431_a_1.nii.gz
train_1432_a_1.nii.gz,/mnt/hwfile/medai/zhangxiaoman/DATA/CT-RATE/dataset/train_preprocessed/train_1432/train_1432a/train_1432_a_1.nii.gz
train_1433_a_1.nii.gz,/mnt/hwfile/medai/zhangxiaoman/DATA/CT-RATE/dataset/train_preprocessed/train_1433/train_1433a/train_1433_a_1.nii.gz
train_1433_b_1.nii.gz,/mnt/hwfile/medai/zhangxiaoman/DATA/CT-RATE/dataset/train_preprocessed/train_1433/train_1433b/train_1433_b_1.nii.gz
train_1434_a_1.nii.gz,/mnt/hwfile/medai/zhangxiaoman/DATA/CT-RATE/dataset/train_preprocessed/train_1434/train_1434a/train_1434_a_1.nii.gz
train_1435_a_1.nii.gz,/mnt/hwfile/medai/zhangxiaoman/DATA/CT-RATE/dataset/train_preprocessed/train_1435/train_1435a/train_1435_a_1.nii.gz
train_1435_b_1.nii.gz,/mnt/hwfile/medai/zhangxiaoman/DATA/CT-RATE/dataset/train_preprocessed/train_1435/train_1435b/train_1435_b_1.nii.gz
train_1436_a_1.nii.gz,/mnt/hwfile/medai/zhangxiaoman/DATA/CT-RATE/dataset/train_preprocessed/train_1436/train_1436a/train_1436_a_1.nii.gz
train_1436_b_1.nii.gz,/mnt/hwfile/medai/zhangxiaoman/DATA/CT-RATE/dataset/train_preprocessed/train_1436/train_1436b/train_1436_b_1.nii.gz
train_1436_c_1.nii.gz,/mnt/hwfile/medai/zhangxiaoman/DATA/CT-RATE/dataset/train_preprocessed/train_1436/train_1436c/train_1436_c_1.nii.gz
train_1437_a_1.nii.gz,/mnt/hwfile/medai/zhangxiaoman/DATA/CT-RATE/dataset/train_preprocessed/train_1437/train_1437a/train_1437_a_1.nii.gz
train_1437_b_1.nii.gz,/mnt/hwfile/medai/zhangxiaoman/DATA/CT-RATE/dataset/train_preprocessed/train_1437/train_1437b/train_1437_b_1.nii.gz
train_1438_a_1.nii.gz,/mnt/hwfile/medai/zhangxiaoman/DATA/CT-RATE/dataset/train_preprocessed/train_1438/train_1438a/train_1438_a_1.nii.gz
train_1438_b_1.nii.gz,/mnt/hwfile/medai/zhangxiaoman/DATA/CT-RATE/dataset/train_preprocessed/train_1438/train_1438b/train_1438_b_1.nii.gz
train_1438_c_1.nii.gz,/mnt/hwfile/medai/zhangxiaoman/DATA/CT-RATE/dataset/train_preprocessed/train_1438/train_1438c/train_1438_c_1.nii.gz
train_1438_d_1.nii.gz,/mnt/hwfile/medai/zhangxiaoman/DATA/CT-RATE/dataset/train_preprocessed/train_1438/train_1438d/train_1438_d_1.nii.gz
train_1438_e_1.nii.gz,/mnt/hwfile/medai/zhangxiaoman/DATA/CT-RATE/dataset/train_preprocessed/train_1438/train_1438e/train_1438_e_1.nii.gz
train_1439_a_1.nii.gz,/mnt/hwfile/medai/zhangxiaoman/DATA/CT-RATE/dataset/train_preprocessed/train_1439/train_1439a/train_1439_a_1.nii.gz
train_143_a_1.nii.gz,/mnt/hwfile/medai/zhangxiaoman/DATA/CT-RATE/dataset/train_preprocessed/train_143/train_143a/train_143_a_1.nii.gz
train_1440_a_1.nii.gz,/mnt/hwfile/medai/zhangxiaoman/DATA/CT-RATE/dataset/train_preprocessed/train_1440/train_1440a/train_1440_a_1.nii.gz
train_1441_a_1.nii.gz,/mnt/hwfile/medai/zhangxiaoman/DATA/CT-RATE/dataset/train_preprocessed/train_1441/train_1441a/train_1441_a_1.nii.gz
train_1442_a_1.nii.gz,/mnt/hwfile/medai/zhangxiaoman/DATA/CT-RATE/dataset/train_preprocessed/train_1442/train_1442a/train_1442_a_1.nii.gz
train_1443_a_1.nii.gz,/mnt/hwfile/medai/zhangxiaoman/DATA/CT-RATE/dataset/train_preprocessed/train_1443/train_1443a/train_1443_a_1.nii.gz
train_1444_a_1.nii.gz,/mnt/hwfile/medai/zhangxiaoman/DATA/CT-RATE/dataset/train_preprocessed/train_1444/train_1444a/train_1444_a_1.nii.gz
train_1445_a_1.nii.gz,/mnt/hwfile/medai/zhangxiaoman/DATA/CT-RATE/dataset/train_preprocessed/train_1445/train_1445a/train_1445_a_1.nii.gz
train_1446_a_1.nii.gz,/mnt/hwfile/medai/zhangxiaoman/DATA/CT-RATE/dataset/train_preprocessed/train_1446/train_1446a/train_1446_a_1.nii.gz
train_1447_a_1.nii.gz,/mnt/hwfile/medai/zhangxiaoman/DATA/CT-RATE/dataset/train_preprocessed/train_1447/train_1447a/train_1447_a_1.nii.gz
train_1448_a_1.nii.gz,/mnt/hwfile/medai/zhangxiaoman/DATA/CT-RATE/dataset/train_preprocessed/train_1448/train_1448a/train_1448_a_1.nii.gz
train_1448_b_1.nii.gz,/mnt/hwfile/medai/zhangxiaoman/DATA/CT-RATE/dataset/train_preprocessed/train_1448/train_1448b/train_1448_b_1.nii.gz
train_1448_c_1.nii.gz,/mnt/hwfile/medai/zhangxiaoman/DATA/CT-RATE/dataset/train_preprocessed/train_1448/train_1448c/train_1448_c_1.nii.gz
train_1448_d_1.nii.gz,/mnt/hwfile/medai/zhangxiaoman/DATA/CT-RATE/dataset/train_preprocessed/train_1448/train_1448d/train_1448_d_1.nii.gz
train_1448_e_1.nii.gz,/mnt/hwfile/medai/zhangxiaoman/DATA/CT-RATE/dataset/train_preprocessed/train_1448/train_1448e/train_1448_e_1.nii.gz
train_1449_a_1.nii.gz,/mnt/hwfile/medai/zhangxiaoman/DATA/CT-RATE/dataset/train_preprocessed/train_1449/train_1449a/train_1449_a_1.nii.gz
train_144_a_1.nii.gz,/mnt/hwfile/medai/zhangxiaoman/DATA/CT-RATE/dataset/train_preprocessed/train_144/train_144a/train_144_a_1.nii.gz
train_1450_a_1.nii.gz,/mnt/hwfile/medai/zhangxiaoman/DATA/CT-RATE/dataset/train_preprocessed/train_1450/train_1450a/train_1450_a_1.nii.gz
train_1451_a_1.nii.gz,/mnt/hwfile/medai/zhangxiaoman/DATA/CT-RATE/dataset/train_preprocessed/train_1451/train_1451a/train_1451_a_1.nii.gz
train_1452_a_1.nii.gz,/mnt/hwfile/medai/zhangxiaoman/DATA/CT-RATE/dataset/train_preprocessed/train_1452/train_1452a/train_1452_a_1.nii.gz
train_1453_a_1.nii.gz,/mnt/hwfile/medai/zhangxiaoman/DATA/CT-RATE/dataset/train_preprocessed/train_1453/train_1453a/train_1453_a_1.nii.gz
train_1454_a_1.nii.gz,/mnt/hwfile/medai/zhangxiaoman/DATA/CT-RATE/dataset/train_preprocessed/train_1454/train_1454a/train_1454_a_1.nii.gz
train_1455_a_1.nii.gz,/mnt/hwfile/medai/zhangxiaoman/DATA/CT-RATE/dataset/train_preprocessed/train_1455/train_1455a/train_1455_a_1.nii.gz
train_1456_a_1.nii.gz,/mnt/hwfile/medai/zhangxiaoman/DATA/CT-RATE/dataset/train_preprocessed/train_1456/train_1456a/train_1456_a_1.nii.gz
train_1457_a_1.nii.gz,/mnt/hwfile/medai/zhangxiaoman/DATA/CT-RATE/dataset/train_preprocessed/train_1457/train_1457a/train_1457_a_1.nii.gz
train_1458_a_1.nii.gz,/mnt/hwfile/medai/zhangxiaoman/DATA/CT-RATE/dataset/train_preprocessed/train_1458/train_1458a/train_1458_a_1.nii.gz
train_1459_a_1.nii.gz,/mnt/hwfile/medai/zhangxiaoman/DATA/CT-RATE/dataset/train_preprocessed/train_1459/train_1459a/train_1459_a_1.nii.gz
train_1459_b_1.nii.gz,/mnt/hwfile/medai/zhangxiaoman/DATA/CT-RATE/dataset/train_preprocessed/train_1459/train_1459b/train_1459_b_1.nii.gz
train_1459_c_1.nii.gz,/mnt/hwfile/medai/zhangxiaoman/DATA/CT-RATE/dataset/train_preprocessed/train_1459/train_1459c/train_1459_c_1.nii.gz
train_145_a_1.nii.gz,/mnt/hwfile/medai/zhangxiaoman/DATA/CT-RATE/dataset/train_preprocessed/train_145/train_145a/train_145_a_1.nii.gz
train_1460_a_1.nii.gz,/mnt/hwfile/medai/zhangxiaoman/DATA/CT-RATE/dataset/train_preprocessed/train_1460/train_1460a/train_1460_a_1.nii.gz
train_1461_a_1.nii.gz,/mnt/hwfile/medai/zhangxiaoman/DATA/CT-RATE/dataset/train_preprocessed/train_1461/train_1461a/train_1461_a_1.nii.gz
train_1461_b_1.nii.gz,/mnt/hwfile/medai/zhangxiaoman/DATA/CT-RATE/dataset/train_preprocessed/train_1461/train_1461b/train_1461_b_1.nii.gz
train_1461_c_1.nii.gz,/mnt/hwfile/medai/zhangxiaoman/DATA/CT-RATE/dataset/train_preprocessed/train_1461/train_1461c/train_1461_c_1.nii.gz
train_1461_d_1.nii.gz,/mnt/hwfile/medai/zhangxiaoman/DATA/CT-RATE/dataset/train_preprocessed/train_1461/train_1461d/train_1461_d_1.nii.gz
train_1462_a_1.nii.gz,/mnt/hwfile/medai/zhangxiaoman/DATA/CT-RATE/dataset/train_preprocessed/train_1462/train_1462a/train_1462_a_1.nii.gz
train_1462_b_1.nii.gz,/mnt/hwfile/medai/zhangxiaoman/DATA/CT-RATE/dataset/train_preprocessed/train_1462/train_1462b/train_1462_b_1.nii.gz
train_1463_a_1.nii.gz,/mnt/hwfile/medai/zhangxiaoman/DATA/CT-RATE/dataset/train_preprocessed/train_1463/train_1463a/train_1463_a_1.nii.gz
train_1464_a_1.nii.gz,/mnt/hwfile/medai/zhangxiaoman/DATA/CT-RATE/dataset/train_preprocessed/train_1464/train_1464a/train_1464_a_1.nii.gz
train_1465_a_1.nii.gz,/mnt/hwfile/medai/zhangxiaoman/DATA/CT-RATE/dataset/train_preprocessed/train_1465/train_1465a/train_1465_a_1.nii.gz
train_1466_a_1.nii.gz,/mnt/hwfile/medai/zhangxiaoman/DATA/CT-RATE/dataset/train_preprocessed/train_1466/train_1466a/train_1466_a_1.nii.gz
train_1467_a_1.nii.gz,/mnt/hwfile/medai/zhangxiaoman/DATA/CT-RATE/dataset/train_preprocessed/train_1467/train_1467a/train_1467_a_1.nii.gz
train_1468_a_1.nii.gz,/mnt/hwfile/medai/zhangxiaoman/DATA/CT-RATE/dataset/train_preprocessed/train_1468/train_1468a/train_1468_a_1.nii.gz
train_1468_b_1.nii.gz,/mnt/hwfile/medai/zhangxiaoman/DATA/CT-RATE/dataset/train_preprocessed/train_1468/train_1468b/train_1468_b_1.nii.gz
train_1469_a_1.nii.gz,/mnt/hwfile/medai/zhangxiaoman/DATA/CT-RATE/dataset/train_preprocessed/train_1469/train_1469a/train_1469_a_1.nii.gz
train_146_a_1.nii.gz,/mnt/hwfile/medai/zhangxiaoman/DATA/CT-RATE/dataset/train_preprocessed/train_146/train_146a/train_146_a_1.nii.gz
train_1470_a_1.nii.gz,/mnt/hwfile/medai/zhangxiaoman/DATA/CT-RATE/dataset/train_preprocessed/train_1470/train_1470a/train_1470_a_1.nii.gz
train_1471_a_1.nii.gz,/mnt/hwfile/medai/zhangxiaoman/DATA/CT-RATE/dataset/train_preprocessed/train_1471/train_1471a/train_1471_a_1.nii.gz
train_1471_b_1.nii.gz,/mnt/hwfile/medai/zhangxiaoman/DATA/CT-RATE/dataset/train_preprocessed/train_1471/train_1471b/train_1471_b_1.nii.gz
train_1472_a_1.nii.gz,/mnt/hwfile/medai/zhangxiaoman/DATA/CT-RATE/dataset/train_preprocessed/train_1472/train_1472a/train_1472_a_1.nii.gz
train_1473_a_1.nii.gz,/mnt/hwfile/medai/zhangxiaoman/DATA/CT-RATE/dataset/train_preprocessed/train_1473/train_1473a/train_1473_a_1.nii.gz
train_1474_a_1.nii.gz,/mnt/hwfile/medai/zhangxiaoman/DATA/CT-RATE/dataset/train_preprocessed/train_1474/train_1474a/train_1474_a_1.nii.gz
train_1475_a_1.nii.gz,/mnt/hwfile/medai/zhangxiaoman/DATA/CT-RATE/dataset/train_preprocessed/train_1475/train_1475a/train_1475_a_1.nii.gz
train_1476_a_1.nii.gz,/mnt/hwfile/medai/zhangxiaoman/DATA/CT-RATE/dataset/train_preprocessed/train_1476/train_1476a/train_1476_a_1.nii.gz
train_1477_a_1.nii.gz,/mnt/hwfile/medai/zhangxiaoman/DATA/CT-RATE/dataset/train_preprocessed/train_1477/train_1477a/train_1477_a_1.nii.gz
train_1478_a_1.nii.gz,/mnt/hwfile/medai/zhangxiaoman/DATA/CT-RATE/dataset/train_preprocessed/train_1478/train_1478a/train_1478_a_1.nii.gz
train_1478_b_1.nii.gz,/mnt/hwfile/medai/zhangxiaoman/DATA/CT-RATE/dataset/train_preprocessed/train_1478/train_1478b/train_1478_b_1.nii.gz
train_1479_a_1.nii.gz,/mnt/hwfile/medai/zhangxiaoman/DATA/CT-RATE/dataset/train_preprocessed/train_1479/train_1479a/train_1479_a_1.nii.gz
train_147_a_1.nii.gz,/mnt/hwfile/medai/zhangxiaoman/DATA/CT-RATE/dataset/train_preprocessed/train_147/train_147a/train_147_a_1.nii.gz
train_1480_a_1.nii.gz,/mnt/hwfile/medai/zhangxiaoman/DATA/CT-RATE/dataset/train_preprocessed/train_1480/train_1480a/train_1480_a_1.nii.gz
train_1480_b_1.nii.gz,/mnt/hwfile/medai/zhangxiaoman/DATA/CT-RATE/dataset/train_preprocessed/train_1480/train_1480b/train_1480_b_1.nii.gz
train_1481_a_1.nii.gz,/mnt/hwfile/medai/zhangxiaoman/DATA/CT-RATE/dataset/train_preprocessed/train_1481/train_1481a/train_1481_a_1.nii.gz
train_1482_a_1.nii.gz,/mnt/hwfile/medai/zhangxiaoman/DATA/CT-RATE/dataset/train_preprocessed/train_1482/train_1482a/train_1482_a_1.nii.gz
train_1483_a_1.nii.gz,/mnt/hwfile/medai/zhangxiaoman/DATA/CT-RATE/dataset/train_preprocessed/train_1483/train_1483a/train_1483_a_1.nii.gz
train_1484_a_1.nii.gz,/mnt/hwfile/medai/zhangxiaoman/DATA/CT-RATE/dataset/train_preprocessed/train_1484/train_1484a/train_1484_a_1.nii.gz
train_1485_a_1.nii.gz,/mnt/hwfile/medai/zhangxiaoman/DATA/CT-RATE/dataset/train_preprocessed/train_1485/train_1485a/train_1485_a_1.nii.gz
train_1486_a_1.nii.gz,/mnt/hwfile/medai/zhangxiaoman/DATA/CT-RATE/dataset/train_preprocessed/train_1486/train_1486a/train_1486_a_1.nii.gz
train_1486_b_1.nii.gz,/mnt/hwfile/medai/zhangxiaoman/DATA/CT-RATE/dataset/train_preprocessed/train_1486/train_1486b/train_1486_b_1.nii.gz
train_1486_c_1.nii.gz,/mnt/hwfile/medai/zhangxiaoman/DATA/CT-RATE/dataset/train_preprocessed/train_1486/train_1486c/train_1486_c_1.nii.gz
train_1487_a_1.nii.gz,/mnt/hwfile/medai/zhangxiaoman/DATA/CT-RATE/dataset/train_preprocessed/train_1487/train_1487a/train_1487_a_1.nii.gz
train_1488_a_1.nii.gz,/mnt/hwfile/medai/zhangxiaoman/DATA/CT-RATE/dataset/train_preprocessed/train_1488/train_1488a/train_1488_a_1.nii.gz
train_1489_a_1.nii.gz,/mnt/hwfile/medai/zhangxiaoman/DATA/CT-RATE/dataset/train_preprocessed/train_1489/train_1489a/train_1489_a_1.nii.gz
train_148_a_1.nii.gz,/mnt/hwfile/medai/zhangxiaoman/DATA/CT-RATE/dataset/train_preprocessed/train_148/train_148a/train_148_a_1.nii.gz
train_1490_a_1.nii.gz,/mnt/hwfile/medai/zhangxiaoman/DATA/CT-RATE/dataset/train_preprocessed/train_1490/train_1490a/train_1490_a_1.nii.gz
train_1490_b_1.nii.gz,/mnt/hwfile/medai/zhangxiaoman/DATA/CT-RATE/dataset/train_preprocessed/train_1490/train_1490b/train_1490_b_1.nii.gz
train_1490_c_1.nii.gz,/mnt/hwfile/medai/zhangxiaoman/DATA/CT-RATE/dataset/train_preprocessed/train_1490/train_1490c/train_1490_c_1.nii.gz
train_1490_d_1.nii.gz,/mnt/hwfile/medai/zhangxiaoman/DATA/CT-RATE/dataset/train_preprocessed/train_1490/train_1490d/train_1490_d_1.nii.gz
train_1490_e_1.nii.gz,/mnt/hwfile/medai/zhangxiaoman/DATA/CT-RATE/dataset/train_preprocessed/train_1490/train_1490e/train_1490_e_1.nii.gz
train_1490_f_1.nii.gz,/mnt/hwfile/medai/zhangxiaoman/DATA/CT-RATE/dataset/train_preprocessed/train_1490/train_1490f/train_1490_f_1.nii.gz
train_1490_g_1.nii.gz,/mnt/hwfile/medai/zhangxiaoman/DATA/CT-RATE/dataset/train_preprocessed/train_1490/train_1490g/train_1490_g_1.nii.gz
train_1491_a_1.nii.gz,/mnt/hwfile/medai/zhangxiaoman/DATA/CT-RATE/dataset/train_preprocessed/train_1491/train_1491a/train_1491_a_1.nii.gz
train_1491_b_1.nii.gz,/mnt/hwfile/medai/zhangxiaoman/DATA/CT-RATE/dataset/train_preprocessed/train_1491/train_1491b/train_1491_b_1.nii.gz
train_1492_a_1.nii.gz,/mnt/hwfile/medai/zhangxiaoman/DATA/CT-RATE/dataset/train_preprocessed/train_1492/train_1492a/train_1492_a_1.nii.gz
train_1493_a_1.nii.gz,/mnt/hwfile/medai/zhangxiaoman/DATA/CT-RATE/dataset/train_preprocessed/train_1493/train_1493a/train_1493_a_1.nii.gz
train_1494_a_1.nii.gz,/mnt/hwfile/medai/zhangxiaoman/DATA/CT-RATE/dataset/train_preprocessed/train_1494/train_1494a/train_1494_a_1.nii.gz
train_1494_b_1.nii.gz,/mnt/hwfile/medai/zhangxiaoman/DATA/CT-RATE/dataset/train_preprocessed/train_1494/train_1494b/train_1494_b_1.nii.gz
train_1495_a_1.nii.gz,/mnt/hwfile/medai/zhangxiaoman/DATA/CT-RATE/dataset/train_preprocessed/train_1495/train_1495a/train_1495_a_1.nii.gz
train_1495_b_1.nii.gz,/mnt/hwfile/medai/zhangxiaoman/DATA/CT-RATE/dataset/train_preprocessed/train_1495/train_1495b/train_1495_b_1.nii.gz
train_1496_a_1.nii.gz,/mnt/hwfile/medai/zhangxiaoman/DATA/CT-RATE/dataset/train_preprocessed/train_1496/train_1496a/train_1496_a_1.nii.gz
train_1497_a_1.nii.gz,/mnt/hwfile/medai/zhangxiaoman/DATA/CT-RATE/dataset/train_preprocessed/train_1497/train_1497a/train_1497_a_1.nii.gz
train_1498_a_1.nii.gz,/mnt/hwfile/medai/zhangxiaoman/DATA/CT-RATE/dataset/train_preprocessed/train_1498/train_1498a/train_1498_a_1.nii.gz
train_1499_a_1.nii.gz,/mnt/hwfile/medai/zhangxiaoman/DATA/CT-RATE/dataset/train_preprocessed/train_1499/train_1499a/train_1499_a_1.nii.gz
train_149_a_1.nii.gz,/mnt/hwfile/medai/zhangxiaoman/DATA/CT-RATE/dataset/train_preprocessed/train_149/train_149a/train_149_a_1.nii.gz
train_14_a_1.nii.gz,/mnt/hwfile/medai/zhangxiaoman/DATA/CT-RATE/dataset/train_preprocessed/train_14/train_14a/train_14_a_1.nii.gz
train_1500_a_1.nii.gz,/mnt/hwfile/medai/zhangxiaoman/DATA/CT-RATE/dataset/train_preprocessed/train_1500/train_1500a/train_1500_a_1.nii.gz
train_1501_a_1.nii.gz,/mnt/hwfile/medai/zhangxiaoman/DATA/CT-RATE/dataset/train_preprocessed/train_1501/train_1501a/train_1501_a_1.nii.gz
train_1501_b_1.nii.gz,/mnt/hwfile/medai/zhangxiaoman/DATA/CT-RATE/dataset/train_preprocessed/train_1501/train_1501b/train_1501_b_1.nii.gz
train_1502_a_1.nii.gz,/mnt/hwfile/medai/zhangxiaoman/DATA/CT-RATE/dataset/train_preprocessed/train_1502/train_1502a/train_1502_a_1.nii.gz
train_1503_a_1.nii.gz,/mnt/hwfile/medai/zhangxiaoman/DATA/CT-RATE/dataset/train_preprocessed/train_1503/train_1503a/train_1503_a_1.nii.gz
train_1504_a_1.nii.gz,/mnt/hwfile/medai/zhangxiaoman/DATA/CT-RATE/dataset/train_preprocessed/train_1504/train_1504a/train_1504_a_1.nii.gz
train_1504_b_1.nii.gz,/mnt/hwfile/medai/zhangxiaoman/DATA/CT-RATE/dataset/train_preprocessed/train_1504/train_1504b/train_1504_b_1.nii.gz
train_1505_a_1.nii.gz,/mnt/hwfile/medai/zhangxiaoman/DATA/CT-RATE/dataset/train_preprocessed/train_1505/train_1505a/train_1505_a_1.nii.gz
train_1506_a_1.nii.gz,/mnt/hwfile/medai/zhangxiaoman/DATA/CT-RATE/dataset/train_preprocessed/train_1506/train_1506a/train_1506_a_1.nii.gz
train_1507_a_1.nii.gz,/mnt/hwfile/medai/zhangxiaoman/DATA/CT-RATE/dataset/train_preprocessed/train_1507/train_1507a/train_1507_a_1.nii.gz
train_1508_a_1.nii.gz,/mnt/hwfile/medai/zhangxiaoman/DATA/CT-RATE/dataset/train_preprocessed/train_1508/train_1508a/train_1508_a_1.nii.gz
train_1509_a_1.nii.gz,/mnt/hwfile/medai/zhangxiaoman/DATA/CT-RATE/dataset/train_preprocessed/train_1509/train_1509a/train_1509_a_1.nii.gz
train_150_a_1.nii.gz,/mnt/hwfile/medai/zhangxiaoman/DATA/CT-RATE/dataset/train_preprocessed/train_150/train_150a/train_150_a_1.nii.gz
train_1510_a_1.nii.gz,/mnt/hwfile/medai/zhangxiaoman/DATA/CT-RATE/dataset/train_preprocessed/train_1510/train_1510a/train_1510_a_1.nii.gz
train_1511_a_1.nii.gz,/mnt/hwfile/medai/zhangxiaoman/DATA/CT-RATE/dataset/train_preprocessed/train_1511/train_1511a/train_1511_a_1.nii.gz
train_1512_a_1.nii.gz,/mnt/hwfile/medai/zhangxiaoman/DATA/CT-RATE/dataset/train_preprocessed/train_1512/train_1512a/train_1512_a_1.nii.gz
train_1513_a_1.nii.gz,/mnt/hwfile/medai/zhangxiaoman/DATA/CT-RATE/dataset/train_preprocessed/train_1513/train_1513a/train_1513_a_1.nii.gz
train_1514_a_1.nii.gz,/mnt/hwfile/medai/zhangxiaoman/DATA/CT-RATE/dataset/train_preprocessed/train_1514/train_1514a/train_1514_a_1.nii.gz
train_1515_a_1.nii.gz,/mnt/hwfile/medai/zhangxiaoman/DATA/CT-RATE/dataset/train_preprocessed/train_1515/train_1515a/train_1515_a_1.nii.gz
train_1516_a_1.nii.gz,/mnt/hwfile/medai/zhangxiaoman/DATA/CT-RATE/dataset/train_preprocessed/train_1516/train_1516a/train_1516_a_1.nii.gz
train_1516_b_1.nii.gz,/mnt/hwfile/medai/zhangxiaoman/DATA/CT-RATE/dataset/train_preprocessed/train_1516/train_1516b/train_1516_b_1.nii.gz
train_1517_a_1.nii.gz,/mnt/hwfile/medai/zhangxiaoman/DATA/CT-RATE/dataset/train_preprocessed/train_1517/train_1517a/train_1517_a_1.nii.gz
train_1518_a_1.nii.gz,/mnt/hwfile/medai/zhangxiaoman/DATA/CT-RATE/dataset/train_preprocessed/train_1518/train_1518a/train_1518_a_1.nii.gz
train_1519_a_1.nii.gz,/mnt/hwfile/medai/zhangxiaoman/DATA/CT-RATE/dataset/train_preprocessed/train_1519/train_1519a/train_1519_a_1.nii.gz
train_151_a_1.nii.gz,/mnt/hwfile/medai/zhangxiaoman/DATA/CT-RATE/dataset/train_preprocessed/train_151/train_151a/train_151_a_1.nii.gz
train_1520_a_1.nii.gz,/mnt/hwfile/medai/zhangxiaoman/DATA/CT-RATE/dataset/train_preprocessed/train_1520/train_1520a/train_1520_a_1.nii.gz
train_1521_a_1.nii.gz,/mnt/hwfile/medai/zhangxiaoman/DATA/CT-RATE/dataset/train_preprocessed/train_1521/train_1521a/train_1521_a_1.nii.gz
train_1522_a_1.nii.gz,/mnt/hwfile/medai/zhangxiaoman/DATA/CT-RATE/dataset/train_preprocessed/train_1522/train_1522a/train_1522_a_1.nii.gz
train_1523_a_1.nii.gz,/mnt/hwfile/medai/zhangxiaoman/DATA/CT-RATE/dataset/train_preprocessed/train_1523/train_1523a/train_1523_a_1.nii.gz
train_1524_a_1.nii.gz,/mnt/hwfile/medai/zhangxiaoman/DATA/CT-RATE/dataset/train_preprocessed/train_1524/train_1524a/train_1524_a_1.nii.gz
train_1525_a_1.nii.gz,/mnt/hwfile/medai/zhangxiaoman/DATA/CT-RATE/dataset/train_preprocessed/train_1525/train_1525a/train_1525_a_1.nii.gz
train_1525_b_1.nii.gz,/mnt/hwfile/medai/zhangxiaoman/DATA/CT-RATE/dataset/train_preprocessed/train_1525/train_1525b/train_1525_b_1.nii.gz
train_1526_a_1.nii.gz,/mnt/hwfile/medai/zhangxiaoman/DATA/CT-RATE/dataset/train_preprocessed/train_1526/train_1526a/train_1526_a_1.nii.gz
train_1527_a_1.nii.gz,/mnt/hwfile/medai/zhangxiaoman/DATA/CT-RATE/dataset/train_preprocessed/train_1527/train_1527a/train_1527_a_1.nii.gz
train_1528_a_1.nii.gz,/mnt/hwfile/medai/zhangxiaoman/DATA/CT-RATE/dataset/train_preprocessed/train_1528/train_1528a/train_1528_a_1.nii.gz
train_1529_a_1.nii.gz,/mnt/hwfile/medai/zhangxiaoman/DATA/CT-RATE/dataset/train_preprocessed/train_1529/train_1529a/train_1529_a_1.nii.gz
train_152_a_1.nii.gz,/mnt/hwfile/medai/zhangxiaoman/DATA/CT-RATE/dataset/train_preprocessed/train_152/train_152a/train_152_a_1.nii.gz
train_1530_a_1.nii.gz,/mnt/hwfile/medai/zhangxiaoman/DATA/CT-RATE/dataset/train_preprocessed/train_1530/train_1530a/train_1530_a_1.nii.gz
train_1531_a_1.nii.gz,/mnt/hwfile/medai/zhangxiaoman/DATA/CT-RATE/dataset/train_preprocessed/train_1531/train_1531a/train_1531_a_1.nii.gz
train_1532_a_1.nii.gz,/mnt/hwfile/medai/zhangxiaoman/DATA/CT-RATE/dataset/train_preprocessed/train_1532/train_1532a/train_1532_a_1.nii.gz
train_1533_a_1.nii.gz,/mnt/hwfile/medai/zhangxiaoman/DATA/CT-RATE/dataset/train_preprocessed/train_1533/train_1533a/train_1533_a_1.nii.gz
train_1534_a_1.nii.gz,/mnt/hwfile/medai/zhangxiaoman/DATA/CT-RATE/dataset/train_preprocessed/train_1534/train_1534a/train_1534_a_1.nii.gz
train_1535_a_1.nii.gz,/mnt/hwfile/medai/zhangxiaoman/DATA/CT-RATE/dataset/train_preprocessed/train_1535/train_1535a/train_1535_a_1.nii.gz
train_1536_a_1.nii.gz,/mnt/hwfile/medai/zhangxiaoman/DATA/CT-RATE/dataset/train_preprocessed/train_1536/train_1536a/train_1536_a_1.nii.gz
train_1537_a_1.nii.gz,/mnt/hwfile/medai/zhangxiaoman/DATA/CT-RATE/dataset/train_preprocessed/train_1537/train_1537a/train_1537_a_1.nii.gz
train_1538_a_1.nii.gz,/mnt/hwfile/medai/zhangxiaoman/DATA/CT-RATE/dataset/train_preprocessed/train_1538/train_1538a/train_1538_a_1.nii.gz
train_1539_a_1.nii.gz,/mnt/hwfile/medai/zhangxiaoman/DATA/CT-RATE/dataset/train_preprocessed/train_1539/train_1539a/train_1539_a_1.nii.gz
train_153_a_1.nii.gz,/mnt/hwfile/medai/zhangxiaoman/DATA/CT-RATE/dataset/train_preprocessed/train_153/train_153a/train_153_a_1.nii.gz
train_1540_a_1.nii.gz,/mnt/hwfile/medai/zhangxiaoman/DATA/CT-RATE/dataset/train_preprocessed/train_1540/train_1540a/train_1540_a_1.nii.gz
train_1540_b_1.nii.gz,/mnt/hwfile/medai/zhangxiaoman/DATA/CT-RATE/dataset/train_preprocessed/train_1540/train_1540b/train_1540_b_1.nii.gz
train_1540_c_1.nii.gz,/mnt/hwfile/medai/zhangxiaoman/DATA/CT-RATE/dataset/train_preprocessed/train_1540/train_1540c/train_1540_c_1.nii.gz
train_1541_a_1.nii.gz,/mnt/hwfile/medai/zhangxiaoman/DATA/CT-RATE/dataset/train_preprocessed/train_1541/train_1541a/train_1541_a_1.nii.gz
train_1541_b_1.nii.gz,/mnt/hwfile/medai/zhangxiaoman/DATA/CT-RATE/dataset/train_preprocessed/train_1541/train_1541b/train_1541_b_1.nii.gz
train_1542_a_1.nii.gz,/mnt/hwfile/medai/zhangxiaoman/DATA/CT-RATE/dataset/train_preprocessed/train_1542/train_1542a/train_1542_a_1.nii.gz
train_1543_a_1.nii.gz,/mnt/hwfile/medai/zhangxiaoman/DATA/CT-RATE/dataset/train_preprocessed/train_1543/train_1543a/train_1543_a_1.nii.gz
train_1544_a_1.nii.gz,/mnt/hwfile/medai/zhangxiaoman/DATA/CT-RATE/dataset/train_preprocessed/train_1544/train_1544a/train_1544_a_1.nii.gz
train_1545_a_1.nii.gz,/mnt/hwfile/medai/zhangxiaoman/DATA/CT-RATE/dataset/train_preprocessed/train_1545/train_1545a/train_1545_a_1.nii.gz
train_1546_a_1.nii.gz,/mnt/hwfile/medai/zhangxiaoman/DATA/CT-RATE/dataset/train_preprocessed/train_1546/train_1546a/train_1546_a_1.nii.gz
train_1547_a_1.nii.gz,/mnt/hwfile/medai/zhangxiaoman/DATA/CT-RATE/dataset/train_preprocessed/train_1547/train_1547a/train_1547_a_1.nii.gz
train_1548_a_1.nii.gz,/mnt/hwfile/medai/zhangxiaoman/DATA/CT-RATE/dataset/train_preprocessed/train_1548/train_1548a/train_1548_a_1.nii.gz
train_1549_a_1.nii.gz,/mnt/hwfile/medai/zhangxiaoman/DATA/CT-RATE/dataset/train_preprocessed/train_1549/train_1549a/train_1549_a_1.nii.gz
train_154_a_1.nii.gz,/mnt/hwfile/medai/zhangxiaoman/DATA/CT-RATE/dataset/train_preprocessed/train_154/train_154a/train_154_a_1.nii.gz
train_1550_a_1.nii.gz,/mnt/hwfile/medai/zhangxiaoman/DATA/CT-RATE/dataset/train_preprocessed/train_1550/train_1550a/train_1550_a_1.nii.gz
train_1551_a_1.nii.gz,/mnt/hwfile/medai/zhangxiaoman/DATA/CT-RATE/dataset/train_preprocessed/train_1551/train_1551a/train_1551_a_1.nii.gz
train_1552_a_1.nii.gz,/mnt/hwfile/medai/zhangxiaoman/DATA/CT-RATE/dataset/train_preprocessed/train_1552/train_1552a/train_1552_a_1.nii.gz
train_1553_a_1.nii.gz,/mnt/hwfile/medai/zhangxiaoman/DATA/CT-RATE/dataset/train_preprocessed/train_1553/train_1553a/train_1553_a_1.nii.gz
train_1554_a_1.nii.gz,/mnt/hwfile/medai/zhangxiaoman/DATA/CT-RATE/dataset/train_preprocessed/train_1554/train_1554a/train_1554_a_1.nii.gz
train_1555_a_1.nii.gz,/mnt/hwfile/medai/zhangxiaoman/DATA/CT-RATE/dataset/train_preprocessed/train_1555/train_1555a/train_1555_a_1.nii.gz
train_1556_a_1.nii.gz,/mnt/hwfile/medai/zhangxiaoman/DATA/CT-RATE/dataset/train_preprocessed/train_1556/train_1556a/train_1556_a_1.nii.gz
train_1557_a_1.nii.gz,/mnt/hwfile/medai/zhangxiaoman/DATA/CT-RATE/dataset/train_preprocessed/train_1557/train_1557a/train_1557_a_1.nii.gz
train_1558_a_1.nii.gz,/mnt/hwfile/medai/zhangxiaoman/DATA/CT-RATE/dataset/train_preprocessed/train_1558/train_1558a/train_1558_a_1.nii.gz
train_1559_a_1.nii.gz,/mnt/hwfile/medai/zhangxiaoman/DATA/CT-RATE/dataset/train_preprocessed/train_1559/train_1559a/train_1559_a_1.nii.gz
train_155_a_1.nii.gz,/mnt/hwfile/medai/zhangxiaoman/DATA/CT-RATE/dataset/train_preprocessed/train_155/train_155a/train_155_a_1.nii.gz
train_1560_a_1.nii.gz,/mnt/hwfile/medai/zhangxiaoman/DATA/CT-RATE/dataset/train_preprocessed/train_1560/train_1560a/train_1560_a_1.nii.gz
train_1561_a_1.nii.gz,/mnt/hwfile/medai/zhangxiaoman/DATA/CT-RATE/dataset/train_preprocessed/train_1561/train_1561a/train_1561_a_1.nii.gz
train_1562_a_1.nii.gz,/mnt/hwfile/medai/zhangxiaoman/DATA/CT-RATE/dataset/train_preprocessed/train_1562/train_1562a/train_1562_a_1.nii.gz
train_1562_b_1.nii.gz,/mnt/hwfile/medai/zhangxiaoman/DATA/CT-RATE/dataset/train_preprocessed/train_1562/train_1562b/train_1562_b_1.nii.gz
train_1563_a_1.nii.gz,/mnt/hwfile/medai/zhangxiaoman/DATA/CT-RATE/dataset/train_preprocessed/train_1563/train_1563a/train_1563_a_1.nii.gz
train_1564_a_1.nii.gz,/mnt/hwfile/medai/zhangxiaoman/DATA/CT-RATE/dataset/train_preprocessed/train_1564/train_1564a/train_1564_a_1.nii.gz
train_1565_a_1.nii.gz,/mnt/hwfile/medai/zhangxiaoman/DATA/CT-RATE/dataset/train_preprocessed/train_1565/train_1565a/train_1565_a_1.nii.gz
train_1566_a_1.nii.gz,/mnt/hwfile/medai/zhangxiaoman/DATA/CT-RATE/dataset/train_preprocessed/train_1566/train_1566a/train_1566_a_1.nii.gz
train_1567_a_1.nii.gz,/mnt/hwfile/medai/zhangxiaoman/DATA/CT-RATE/dataset/train_preprocessed/train_1567/train_1567a/train_1567_a_1.nii.gz
train_1568_a_1.nii.gz,/mnt/hwfile/medai/zhangxiaoman/DATA/CT-RATE/dataset/train_preprocessed/train_1568/train_1568a/train_1568_a_1.nii.gz
train_1569_a_1.nii.gz,/mnt/hwfile/medai/zhangxiaoman/DATA/CT-RATE/dataset/train_preprocessed/train_1569/train_1569a/train_1569_a_1.nii.gz
train_156_a_1.nii.gz,/mnt/hwfile/medai/zhangxiaoman/DATA/CT-RATE/dataset/train_preprocessed/train_156/train_156a/train_156_a_1.nii.gz
train_1570_a_1.nii.gz,/mnt/hwfile/medai/zhangxiaoman/DATA/CT-RATE/dataset/train_preprocessed/train_1570/train_1570a/train_1570_a_1.nii.gz
train_1570_b_1.nii.gz,/mnt/hwfile/medai/zhangxiaoman/DATA/CT-RATE/dataset/train_preprocessed/train_1570/train_1570b/train_1570_b_1.nii.gz
train_1570_c_1.nii.gz,/mnt/hwfile/medai/zhangxiaoman/DATA/CT-RATE/dataset/train_preprocessed/train_1570/train_1570c/train_1570_c_1.nii.gz
train_1571_a_1.nii.gz,/mnt/hwfile/medai/zhangxiaoman/DATA/CT-RATE/dataset/train_preprocessed/train_1571/train_1571a/train_1571_a_1.nii.gz
train_1572_a_1.nii.gz,/mnt/hwfile/medai/zhangxiaoman/DATA/CT-RATE/dataset/train_preprocessed/train_1572/train_1572a/train_1572_a_1.nii.gz
train_1573_a_1.nii.gz,/mnt/hwfile/medai/zhangxiaoman/DATA/CT-RATE/dataset/train_preprocessed/train_1573/train_1573a/train_1573_a_1.nii.gz
train_1574_a_1.nii.gz,/mnt/hwfile/medai/zhangxiaoman/DATA/CT-RATE/dataset/train_preprocessed/train_1574/train_1574a/train_1574_a_1.nii.gz
train_1575_a_1.nii.gz,/mnt/hwfile/medai/zhangxiaoman/DATA/CT-RATE/dataset/train_preprocessed/train_1575/train_1575a/train_1575_a_1.nii.gz
train_1576_a_1.nii.gz,/mnt/hwfile/medai/zhangxiaoman/DATA/CT-RATE/dataset/train_preprocessed/train_1576/train_1576a/train_1576_a_1.nii.gz
train_1576_b_1.nii.gz,/mnt/hwfile/medai/zhangxiaoman/DATA/CT-RATE/dataset/train_preprocessed/train_1576/train_1576b/train_1576_b_1.nii.gz
train_1577_a_1.nii.gz,/mnt/hwfile/medai/zhangxiaoman/DATA/CT-RATE/dataset/train_preprocessed/train_1577/train_1577a/train_1577_a_1.nii.gz
train_1578_a_1.nii.gz,/mnt/hwfile/medai/zhangxiaoman/DATA/CT-RATE/dataset/train_preprocessed/train_1578/train_1578a/train_1578_a_1.nii.gz
train_1579_a_1.nii.gz,/mnt/hwfile/medai/zhangxiaoman/DATA/CT-RATE/dataset/train_preprocessed/train_1579/train_1579a/train_1579_a_1.nii.gz
train_157_a_1.nii.gz,/mnt/hwfile/medai/zhangxiaoman/DATA/CT-RATE/dataset/train_preprocessed/train_157/train_157a/train_157_a_1.nii.gz
train_157_b_1.nii.gz,/mnt/hwfile/medai/zhangxiaoman/DATA/CT-RATE/dataset/train_preprocessed/train_157/train_157b/train_157_b_1.nii.gz
train_1580_a_1.nii.gz,/mnt/hwfile/medai/zhangxiaoman/DATA/CT-RATE/dataset/train_preprocessed/train_1580/train_1580a/train_1580_a_1.nii.gz
train_1581_a_1.nii.gz,/mnt/hwfile/medai/zhangxiaoman/DATA/CT-RATE/dataset/train_preprocessed/train_1581/train_1581a/train_1581_a_1.nii.gz
train_1582_a_1.nii.gz,/mnt/hwfile/medai/zhangxiaoman/DATA/CT-RATE/dataset/train_preprocessed/train_1582/train_1582a/train_1582_a_1.nii.gz
train_1583_a_1.nii.gz,/mnt/hwfile/medai/zhangxiaoman/DATA/CT-RATE/dataset/train_preprocessed/train_1583/train_1583a/train_1583_a_1.nii.gz
train_1584_a_1.nii.gz,/mnt/hwfile/medai/zhangxiaoman/DATA/CT-RATE/dataset/train_preprocessed/train_1584/train_1584a/train_1584_a_1.nii.gz
train_1585_a_1.nii.gz,/mnt/hwfile/medai/zhangxiaoman/DATA/CT-RATE/dataset/train_preprocessed/train_1585/train_1585a/train_1585_a_1.nii.gz
train_1585_b_1.nii.gz,/mnt/hwfile/medai/zhangxiaoman/DATA/CT-RATE/dataset/train_preprocessed/train_1585/train_1585b/train_1585_b_1.nii.gz
train_1586_a_1.nii.gz,/mnt/hwfile/medai/zhangxiaoman/DATA/CT-RATE/dataset/train_preprocessed/train_1586/train_1586a/train_1586_a_1.nii.gz
train_1587_a_1.nii.gz,/mnt/hwfile/medai/zhangxiaoman/DATA/CT-RATE/dataset/train_preprocessed/train_1587/train_1587a/train_1587_a_1.nii.gz
train_1588_a_1.nii.gz,/mnt/hwfile/medai/zhangxiaoman/DATA/CT-RATE/dataset/train_preprocessed/train_1588/train_1588a/train_1588_a_1.nii.gz
train_1589_a_1.nii.gz,/mnt/hwfile/medai/zhangxiaoman/DATA/CT-RATE/dataset/train_preprocessed/train_1589/train_1589a/train_1589_a_1.nii.gz
train_158_a_1.nii.gz,/mnt/hwfile/medai/zhangxiaoman/DATA/CT-RATE/dataset/train_preprocessed/train_158/train_158a/train_158_a_1.nii.gz
train_1590_a_1.nii.gz,/mnt/hwfile/medai/zhangxiaoman/DATA/CT-RATE/dataset/train_preprocessed/train_1590/train_1590a/train_1590_a_1.nii.gz
train_1591_a_1.nii.gz,/mnt/hwfile/medai/zhangxiaoman/DATA/CT-RATE/dataset/train_preprocessed/train_1591/train_1591a/train_1591_a_1.nii.gz
train_1591_b_1.nii.gz,/mnt/hwfile/medai/zhangxiaoman/DATA/CT-RATE/dataset/train_preprocessed/train_1591/train_1591b/train_1591_b_1.nii.gz
train_1591_c_1.nii.gz,/mnt/hwfile/medai/zhangxiaoman/DATA/CT-RATE/dataset/train_preprocessed/train_1591/train_1591c/train_1591_c_1.nii.gz
train_1591_d_1.nii.gz,/mnt/hwfile/medai/zhangxiaoman/DATA/CT-RATE/dataset/train_preprocessed/train_1591/train_1591d/train_1591_d_1.nii.gz
train_1591_e_1.nii.gz,/mnt/hwfile/medai/zhangxiaoman/DATA/CT-RATE/dataset/train_preprocessed/train_1591/train_1591e/train_1591_e_1.nii.gz
train_1591_f_1.nii.gz,/mnt/hwfile/medai/zhangxiaoman/DATA/CT-RATE/dataset/train_preprocessed/train_1591/train_1591f/train_1591_f_1.nii.gz
train_1592_a_1.nii.gz,/mnt/hwfile/medai/zhangxiaoman/DATA/CT-RATE/dataset/train_preprocessed/train_1592/train_1592a/train_1592_a_1.nii.gz
train_1592_b_1.nii.gz,/mnt/hwfile/medai/zhangxiaoman/DATA/CT-RATE/dataset/train_preprocessed/train_1592/train_1592b/train_1592_b_1.nii.gz
train_1593_a_1.nii.gz,/mnt/hwfile/medai/zhangxiaoman/DATA/CT-RATE/dataset/train_preprocessed/train_1593/train_1593a/train_1593_a_1.nii.gz
train_1593_b_1.nii.gz,/mnt/hwfile/medai/zhangxiaoman/DATA/CT-RATE/dataset/train_preprocessed/train_1593/train_1593b/train_1593_b_1.nii.gz
train_1594_a_1.nii.gz,/mnt/hwfile/medai/zhangxiaoman/DATA/CT-RATE/dataset/train_preprocessed/train_1594/train_1594a/train_1594_a_1.nii.gz
train_1595_a_1.nii.gz,/mnt/hwfile/medai/zhangxiaoman/DATA/CT-RATE/dataset/train_preprocessed/train_1595/train_1595a/train_1595_a_1.nii.gz
train_1596_a_1.nii.gz,/mnt/hwfile/medai/zhangxiaoman/DATA/CT-RATE/dataset/train_preprocessed/train_1596/train_1596a/train_1596_a_1.nii.gz
train_1597_a_1.nii.gz,/mnt/hwfile/medai/zhangxiaoman/DATA/CT-RATE/dataset/train_preprocessed/train_1597/train_1597a/train_1597_a_1.nii.gz
train_1598_a_1.nii.gz,/mnt/hwfile/medai/zhangxiaoman/DATA/CT-RATE/dataset/train_preprocessed/train_1598/train_1598a/train_1598_a_1.nii.gz
train_1599_a_1.nii.gz,/mnt/hwfile/medai/zhangxiaoman/DATA/CT-RATE/dataset/train_preprocessed/train_1599/train_1599a/train_1599_a_1.nii.gz
train_159_a_1.nii.gz,/mnt/hwfile/medai/zhangxiaoman/DATA/CT-RATE/dataset/train_preprocessed/train_159/train_159a/train_159_a_1.nii.gz
train_15_a_1.nii.gz,/mnt/hwfile/medai/zhangxiaoman/DATA/CT-RATE/dataset/train_preprocessed/train_15/train_15a/train_15_a_1.nii.gz
train_1600_a_1.nii.gz,/mnt/hwfile/medai/zhangxiaoman/DATA/CT-RATE/dataset/train_preprocessed/train_1600/train_1600a/train_1600_a_1.nii.gz
train_1600_b_1.nii.gz,/mnt/hwfile/medai/zhangxiaoman/DATA/CT-RATE/dataset/train_preprocessed/train_1600/train_1600b/train_1600_b_1.nii.gz
train_1600_c_1.nii.gz,/mnt/hwfile/medai/zhangxiaoman/DATA/CT-RATE/dataset/train_preprocessed/train_1600/train_1600c/train_1600_c_1.nii.gz
train_1601_a_1.nii.gz,/mnt/hwfile/medai/zhangxiaoman/DATA/CT-RATE/dataset/train_preprocessed/train_1601/train_1601a/train_1601_a_1.nii.gz
train_1602_a_1.nii.gz,/mnt/hwfile/medai/zhangxiaoman/DATA/CT-RATE/dataset/train_preprocessed/train_1602/train_1602a/train_1602_a_1.nii.gz
train_1603_a_1.nii.gz,/mnt/hwfile/medai/zhangxiaoman/DATA/CT-RATE/dataset/train_preprocessed/train_1603/train_1603a/train_1603_a_1.nii.gz
train_1604_a_1.nii.gz,/mnt/hwfile/medai/zhangxiaoman/DATA/CT-RATE/dataset/train_preprocessed/train_1604/train_1604a/train_1604_a_1.nii.gz
train_1605_a_1.nii.gz,/mnt/hwfile/medai/zhangxiaoman/DATA/CT-RATE/dataset/train_preprocessed/train_1605/train_1605a/train_1605_a_1.nii.gz
train_1606_a_1.nii.gz,/mnt/hwfile/medai/zhangxiaoman/DATA/CT-RATE/dataset/train_preprocessed/train_1606/train_1606a/train_1606_a_1.nii.gz
train_1607_a_1.nii.gz,/mnt/hwfile/medai/zhangxiaoman/DATA/CT-RATE/dataset/train_preprocessed/train_1607/train_1607a/train_1607_a_1.nii.gz
train_1608_a_1.nii.gz,/mnt/hwfile/medai/zhangxiaoman/DATA/CT-RATE/dataset/train_preprocessed/train_1608/train_1608a/train_1608_a_1.nii.gz
train_1609_a_1.nii.gz,/mnt/hwfile/medai/zhangxiaoman/DATA/CT-RATE/dataset/train_preprocessed/train_1609/train_1609a/train_1609_a_1.nii.gz
train_160_a_1.nii.gz,/mnt/hwfile/medai/zhangxiaoman/DATA/CT-RATE/dataset/train_preprocessed/train_160/train_160a/train_160_a_1.nii.gz
train_1610_a_1.nii.gz,/mnt/hwfile/medai/zhangxiaoman/DATA/CT-RATE/dataset/train_preprocessed/train_1610/train_1610a/train_1610_a_1.nii.gz
train_1611_a_1.nii.gz,/mnt/hwfile/medai/zhangxiaoman/DATA/CT-RATE/dataset/train_preprocessed/train_1611/train_1611a/train_1611_a_1.nii.gz
train_161_a_1.nii.gz,/mnt/hwfile/medai/zhangxiaoman/DATA/CT-RATE/dataset/train_preprocessed/train_161/train_161a/train_161_a_1.nii.gz
train_162_a_1.nii.gz,/mnt/hwfile/medai/zhangxiaoman/DATA/CT-RATE/dataset/train_preprocessed/train_162/train_162a/train_162_a_1.nii.gz
train_163_a_1.nii.gz,/mnt/hwfile/medai/zhangxiaoman/DATA/CT-RATE/dataset/train_preprocessed/train_163/train_163a/train_163_a_1.nii.gz
train_164_a_1.nii.gz,/mnt/hwfile/medai/zhangxiaoman/DATA/CT-RATE/dataset/train_preprocessed/train_164/train_164a/train_164_a_1.nii.gz
train_165_a_1.nii.gz,/mnt/hwfile/medai/zhangxiaoman/DATA/CT-RATE/dataset/train_preprocessed/train_165/train_165a/train_165_a_1.nii.gz
train_166_a_1.nii.gz,/mnt/hwfile/medai/zhangxiaoman/DATA/CT-RATE/dataset/train_preprocessed/train_166/train_166a/train_166_a_1.nii.gz
train_167_a_1.nii.gz,/mnt/hwfile/medai/zhangxiaoman/DATA/CT-RATE/dataset/train_preprocessed/train_167/train_167a/train_167_a_1.nii.gz
train_168_a_1.nii.gz,/mnt/hwfile/medai/zhangxiaoman/DATA/CT-RATE/dataset/train_preprocessed/train_168/train_168a/train_168_a_1.nii.gz
train_169_a_1.nii.gz,/mnt/hwfile/medai/zhangxiaoman/DATA/CT-RATE/dataset/train_preprocessed/train_169/train_169a/train_169_a_1.nii.gz
train_16_a_1.nii.gz,/mnt/hwfile/medai/zhangxiaoman/DATA/CT-RATE/dataset/train_preprocessed/train_16/train_16a/train_16_a_1.nii.gz
train_16_b_1.nii.gz,/mnt/hwfile/medai/zhangxiaoman/DATA/CT-RATE/dataset/train_preprocessed/train_16/train_16b/train_16_b_1.nii.gz
train_170_a_1.nii.gz,/mnt/hwfile/medai/zhangxiaoman/DATA/CT-RATE/dataset/train_preprocessed/train_170/train_170a/train_170_a_1.nii.gz
train_171_a_1.nii.gz,/mnt/hwfile/medai/zhangxiaoman/DATA/CT-RATE/dataset/train_preprocessed/train_171/train_171a/train_171_a_1.nii.gz
train_171_b_1.nii.gz,/mnt/hwfile/medai/zhangxiaoman/DATA/CT-RATE/dataset/train_preprocessed/train_171/train_171b/train_171_b_1.nii.gz
train_172_a_1.nii.gz,/mnt/hwfile/medai/zhangxiaoman/DATA/CT-RATE/dataset/train_preprocessed/train_172/train_172a/train_172_a_1.nii.gz
train_173_a_1.nii.gz,/mnt/hwfile/medai/zhangxiaoman/DATA/CT-RATE/dataset/train_preprocessed/train_173/train_173a/train_173_a_1.nii.gz
train_174_a_1.nii.gz,/mnt/hwfile/medai/zhangxiaoman/DATA/CT-RATE/dataset/train_preprocessed/train_174/train_174a/train_174_a_1.nii.gz
train_175_a_1.nii.gz,/mnt/hwfile/medai/zhangxiaoman/DATA/CT-RATE/dataset/train_preprocessed/train_175/train_175a/train_175_a_1.nii.gz
train_176_a_1.nii.gz,/mnt/hwfile/medai/zhangxiaoman/DATA/CT-RATE/dataset/train_preprocessed/train_176/train_176a/train_176_a_1.nii.gz
train_177_a_1.nii.gz,/mnt/hwfile/medai/zhangxiaoman/DATA/CT-RATE/dataset/train_preprocessed/train_177/train_177a/train_177_a_1.nii.gz
train_178_a_1.nii.gz,/mnt/hwfile/medai/zhangxiaoman/DATA/CT-RATE/dataset/train_preprocessed/train_178/train_178a/train_178_a_1.nii.gz
train_179_a_1.nii.gz,/mnt/hwfile/medai/zhangxiaoman/DATA/CT-RATE/dataset/train_preprocessed/train_179/train_179a/train_179_a_1.nii.gz
train_17_a_1.nii.gz,/mnt/hwfile/medai/zhangxiaoman/DATA/CT-RATE/dataset/train_preprocessed/train_17/train_17a/train_17_a_1.nii.gz
train_180_a_1.nii.gz,/mnt/hwfile/medai/zhangxiaoman/DATA/CT-RATE/dataset/train_preprocessed/train_180/train_180a/train_180_a_1.nii.gz
train_181_a_1.nii.gz,/mnt/hwfile/medai/zhangxiaoman/DATA/CT-RATE/dataset/train_preprocessed/train_181/train_181a/train_181_a_1.nii.gz
train_182_a_1.nii.gz,/mnt/hwfile/medai/zhangxiaoman/DATA/CT-RATE/dataset/train_preprocessed/train_182/train_182a/train_182_a_1.nii.gz
train_182_b_1.nii.gz,/mnt/hwfile/medai/zhangxiaoman/DATA/CT-RATE/dataset/train_preprocessed/train_182/train_182b/train_182_b_1.nii.gz
train_182_c_1.nii.gz,/mnt/hwfile/medai/zhangxiaoman/DATA/CT-RATE/dataset/train_preprocessed/train_182/train_182c/train_182_c_1.nii.gz
train_183_a_1.nii.gz,/mnt/hwfile/medai/zhangxiaoman/DATA/CT-RATE/dataset/train_preprocessed/train_183/train_183a/train_183_a_1.nii.gz
train_184_a_1.nii.gz,/mnt/hwfile/medai/zhangxiaoman/DATA/CT-RATE/dataset/train_preprocessed/train_184/train_184a/train_184_a_1.nii.gz
train_185_a_1.nii.gz,/mnt/hwfile/medai/zhangxiaoman/DATA/CT-RATE/dataset/train_preprocessed/train_185/train_185a/train_185_a_1.nii.gz
train_186_a_1.nii.gz,/mnt/hwfile/medai/zhangxiaoman/DATA/CT-RATE/dataset/train_preprocessed/train_186/train_186a/train_186_a_1.nii.gz
train_187_a_1.nii.gz,/mnt/hwfile/medai/zhangxiaoman/DATA/CT-RATE/dataset/train_preprocessed/train_187/train_187a/train_187_a_1.nii.gz
train_188_a_1.nii.gz,/mnt/hwfile/medai/zhangxiaoman/DATA/CT-RATE/dataset/train_preprocessed/train_188/train_188a/train_188_a_1.nii.gz
train_189_a_1.nii.gz,/mnt/hwfile/medai/zhangxiaoman/DATA/CT-RATE/dataset/train_preprocessed/train_189/train_189a/train_189_a_1.nii.gz
train_18_a_1.nii.gz,/mnt/hwfile/medai/zhangxiaoman/DATA/CT-RATE/dataset/train_preprocessed/train_18/train_18a/train_18_a_1.nii.gz
train_190_a_1.nii.gz,/mnt/hwfile/medai/zhangxiaoman/DATA/CT-RATE/dataset/train_preprocessed/train_190/train_190a/train_190_a_1.nii.gz
train_191_a_1.nii.gz,/mnt/hwfile/medai/zhangxiaoman/DATA/CT-RATE/dataset/train_preprocessed/train_191/train_191a/train_191_a_1.nii.gz
train_192_a_1.nii.gz,/mnt/hwfile/medai/zhangxiaoman/DATA/CT-RATE/dataset/train_preprocessed/train_192/train_192a/train_192_a_1.nii.gz
train_193_a_1.nii.gz,/mnt/hwfile/medai/zhangxiaoman/DATA/CT-RATE/dataset/train_preprocessed/train_193/train_193a/train_193_a_1.nii.gz
train_193_b_1.nii.gz,/mnt/hwfile/medai/zhangxiaoman/DATA/CT-RATE/dataset/train_preprocessed/train_193/train_193b/train_193_b_1.nii.gz
train_194_a_1.nii.gz,/mnt/hwfile/medai/zhangxiaoman/DATA/CT-RATE/dataset/train_preprocessed/train_194/train_194a/train_194_a_1.nii.gz
train_195_a_1.nii.gz,/mnt/hwfile/medai/zhangxiaoman/DATA/CT-RATE/dataset/train_preprocessed/train_195/train_195a/train_195_a_1.nii.gz
train_196_a_1.nii.gz,/mnt/hwfile/medai/zhangxiaoman/DATA/CT-RATE/dataset/train_preprocessed/train_196/train_196a/train_196_a_1.nii.gz
train_197_a_1.nii.gz,/mnt/hwfile/medai/zhangxiaoman/DATA/CT-RATE/dataset/train_preprocessed/train_197/train_197a/train_197_a_1.nii.gz
train_198_a_1.nii.gz,/mnt/hwfile/medai/zhangxiaoman/DATA/CT-RATE/dataset/train_preprocessed/train_198/train_198a/train_198_a_1.nii.gz
train_199_a_1.nii.gz,/mnt/hwfile/medai/zhangxiaoman/DATA/CT-RATE/dataset/train_preprocessed/train_199/train_199a/train_199_a_1.nii.gz
train_199_b_1.nii.gz,/mnt/hwfile/medai/zhangxiaoman/DATA/CT-RATE/dataset/train_preprocessed/train_199/train_199b/train_199_b_1.nii.gz
train_19_a_1.nii.gz,/mnt/hwfile/medai/zhangxiaoman/DATA/CT-RATE/dataset/train_preprocessed/train_19/train_19a/train_19_a_1.nii.gz
train_1_a_1.nii.gz,/mnt/hwfile/medai/zhangxiaoman/DATA/CT-RATE/dataset/train_preprocessed/train_1/train_1a/train_1_a_1.nii.gz
train_200_a_1.nii.gz,/mnt/hwfile/medai/zhangxiaoman/DATA/CT-RATE/dataset/train_preprocessed/train_200/train_200a/train_200_a_1.nii.gz
train_200_b_1.nii.gz,/mnt/hwfile/medai/zhangxiaoman/DATA/CT-RATE/dataset/train_preprocessed/train_200/train_200b/train_200_b_1.nii.gz
train_200_c_1.nii.gz,/mnt/hwfile/medai/zhangxiaoman/DATA/CT-RATE/dataset/train_preprocessed/train_200/train_200c/train_200_c_1.nii.gz
train_201_a_1.nii.gz,/mnt/hwfile/medai/zhangxiaoman/DATA/CT-RATE/dataset/train_preprocessed/train_201/train_201a/train_201_a_1.nii.gz
train_202_a_1.nii.gz,/mnt/hwfile/medai/zhangxiaoman/DATA/CT-RATE/dataset/train_preprocessed/train_202/train_202a/train_202_a_1.nii.gz
train_203_a_1.nii.gz,/mnt/hwfile/medai/zhangxiaoman/DATA/CT-RATE/dataset/train_preprocessed/train_203/train_203a/train_203_a_1.nii.gz
train_204_a_1.nii.gz,/mnt/hwfile/medai/zhangxiaoman/DATA/CT-RATE/dataset/train_preprocessed/train_204/train_204a/train_204_a_1.nii.gz
train_205_a_1.nii.gz,/mnt/hwfile/medai/zhangxiaoman/DATA/CT-RATE/dataset/train_preprocessed/train_205/train_205a/train_205_a_1.nii.gz
train_206_a_1.nii.gz,/mnt/hwfile/medai/zhangxiaoman/DATA/CT-RATE/dataset/train_preprocessed/train_206/train_206a/train_206_a_1.nii.gz
train_207_a_1.nii.gz,/mnt/hwfile/medai/zhangxiaoman/DATA/CT-RATE/dataset/train_preprocessed/train_207/train_207a/train_207_a_1.nii.gz
train_208_a_1.nii.gz,/mnt/hwfile/medai/zhangxiaoman/DATA/CT-RATE/dataset/train_preprocessed/train_208/train_208a/train_208_a_1.nii.gz
train_209_a_1.nii.gz,/mnt/hwfile/medai/zhangxiaoman/DATA/CT-RATE/dataset/train_preprocessed/train_209/train_209a/train_209_a_1.nii.gz
train_20_a_1.nii.gz,/mnt/hwfile/medai/zhangxiaoman/DATA/CT-RATE/dataset/train_preprocessed/train_20/train_20a/train_20_a_1.nii.gz
train_210_a_1.nii.gz,/mnt/hwfile/medai/zhangxiaoman/DATA/CT-RATE/dataset/train_preprocessed/train_210/train_210a/train_210_a_1.nii.gz
train_211_a_1.nii.gz,/mnt/hwfile/medai/zhangxiaoman/DATA/CT-RATE/dataset/train_preprocessed/train_211/train_211a/train_211_a_1.nii.gz
train_212_a_1.nii.gz,/mnt/hwfile/medai/zhangxiaoman/DATA/CT-RATE/dataset/train_preprocessed/train_212/train_212a/train_212_a_1.nii.gz
train_213_a_1.nii.gz,/mnt/hwfile/medai/zhangxiaoman/DATA/CT-RATE/dataset/train_preprocessed/train_213/train_213a/train_213_a_1.nii.gz
train_214_a_1.nii.gz,/mnt/hwfile/medai/zhangxiaoman/DATA/CT-RATE/dataset/train_preprocessed/train_214/train_214a/train_214_a_1.nii.gz
train_215_a_1.nii.gz,/mnt/hwfile/medai/zhangxiaoman/DATA/CT-RATE/dataset/train_preprocessed/train_215/train_215a/train_215_a_1.nii.gz
train_216_a_1.nii.gz,/mnt/hwfile/medai/zhangxiaoman/DATA/CT-RATE/dataset/train_preprocessed/train_216/train_216a/train_216_a_1.nii.gz
train_217_a_1.nii.gz,/mnt/hwfile/medai/zhangxiaoman/DATA/CT-RATE/dataset/train_preprocessed/train_217/train_217a/train_217_a_1.nii.gz
train_218_a_1.nii.gz,/mnt/hwfile/medai/zhangxiaoman/DATA/CT-RATE/dataset/train_preprocessed/train_218/train_218a/train_218_a_1.nii.gz
train_219_a_1.nii.gz,/mnt/hwfile/medai/zhangxiaoman/DATA/CT-RATE/dataset/train_preprocessed/train_219/train_219a/train_219_a_1.nii.gz
train_21_a_1.nii.gz,/mnt/hwfile/medai/zhangxiaoman/DATA/CT-RATE/dataset/train_preprocessed/train_21/train_21a/train_21_a_1.nii.gz
train_220_a_1.nii.gz,/mnt/hwfile/medai/zhangxiaoman/DATA/CT-RATE/dataset/train_preprocessed/train_220/train_220a/train_220_a_1.nii.gz
train_221_a_1.nii.gz,/mnt/hwfile/medai/zhangxiaoman/DATA/CT-RATE/dataset/train_preprocessed/train_221/train_221a/train_221_a_1.nii.gz
train_222_a_1.nii.gz,/mnt/hwfile/medai/zhangxiaoman/DATA/CT-RATE/dataset/train_preprocessed/train_222/train_222a/train_222_a_1.nii.gz
train_223_a_1.nii.gz,/mnt/hwfile/medai/zhangxiaoman/DATA/CT-RATE/dataset/train_preprocessed/train_223/train_223a/train_223_a_1.nii.gz
train_224_a_1.nii.gz,/mnt/hwfile/medai/zhangxiaoman/DATA/CT-RATE/dataset/train_preprocessed/train_224/train_224a/train_224_a_1.nii.gz
train_225_a_1.nii.gz,/mnt/hwfile/medai/zhangxiaoman/DATA/CT-RATE/dataset/train_preprocessed/train_225/train_225a/train_225_a_1.nii.gz
train_226_a_1.nii.gz,/mnt/hwfile/medai/zhangxiaoman/DATA/CT-RATE/dataset/train_preprocessed/train_226/train_226a/train_226_a_1.nii.gz
train_227_a_1.nii.gz,/mnt/hwfile/medai/zhangxiaoman/DATA/CT-RATE/dataset/train_preprocessed/train_227/train_227a/train_227_a_1.nii.gz
train_228_a_1.nii.gz,/mnt/hwfile/medai/zhangxiaoman/DATA/CT-RATE/dataset/train_preprocessed/train_228/train_228a/train_228_a_1.nii.gz
train_229_a_1.nii.gz,/mnt/hwfile/medai/zhangxiaoman/DATA/CT-RATE/dataset/train_preprocessed/train_229/train_229a/train_229_a_1.nii.gz
train_22_a_1.nii.gz,/mnt/hwfile/medai/zhangxiaoman/DATA/CT-RATE/dataset/train_preprocessed/train_22/train_22a/train_22_a_1.nii.gz
train_230_a_1.nii.gz,/mnt/hwfile/medai/zhangxiaoman/DATA/CT-RATE/dataset/train_preprocessed/train_230/train_230a/train_230_a_1.nii.gz
train_231_a_1.nii.gz,/mnt/hwfile/medai/zhangxiaoman/DATA/CT-RATE/dataset/train_preprocessed/train_231/train_231a/train_231_a_1.nii.gz
train_232_a_1.nii.gz,/mnt/hwfile/medai/zhangxiaoman/DATA/CT-RATE/dataset/train_preprocessed/train_232/train_232a/train_232_a_1.nii.gz
train_233_a_1.nii.gz,/mnt/hwfile/medai/zhangxiaoman/DATA/CT-RATE/dataset/train_preprocessed/train_233/train_233a/train_233_a_1.nii.gz
train_234_a_1.nii.gz,/mnt/hwfile/medai/zhangxiaoman/DATA/CT-RATE/dataset/train_preprocessed/train_234/train_234a/train_234_a_1.nii.gz
train_235_a_1.nii.gz,/mnt/hwfile/medai/zhangxiaoman/DATA/CT-RATE/dataset/train_preprocessed/train_235/train_235a/train_235_a_1.nii.gz
train_236_a_1.nii.gz,/mnt/hwfile/medai/zhangxiaoman/DATA/CT-RATE/dataset/train_preprocessed/train_236/train_236a/train_236_a_1.nii.gz
train_237_a_1.nii.gz,/mnt/hwfile/medai/zhangxiaoman/DATA/CT-RATE/dataset/train_preprocessed/train_237/train_237a/train_237_a_1.nii.gz
train_237_b_1.nii.gz,/mnt/hwfile/medai/zhangxiaoman/DATA/CT-RATE/dataset/train_preprocessed/train_237/train_237b/train_237_b_1.nii.gz
train_238_a_1.nii.gz,/mnt/hwfile/medai/zhangxiaoman/DATA/CT-RATE/dataset/train_preprocessed/train_238/train_238a/train_238_a_1.nii.gz
train_238_b_1.nii.gz,/mnt/hwfile/medai/zhangxiaoman/DATA/CT-RATE/dataset/train_preprocessed/train_238/train_238b/train_238_b_1.nii.gz
train_239_a_1.nii.gz,/mnt/hwfile/medai/zhangxiaoman/DATA/CT-RATE/dataset/train_preprocessed/train_239/train_239a/train_239_a_1.nii.gz
train_239_b_1.nii.gz,/mnt/hwfile/medai/zhangxiaoman/DATA/CT-RATE/dataset/train_preprocessed/train_239/train_239b/train_239_b_1.nii.gz
train_239_c_1.nii.gz,/mnt/hwfile/medai/zhangxiaoman/DATA/CT-RATE/dataset/train_preprocessed/train_239/train_239c/train_239_c_1.nii.gz
train_23_a_1.nii.gz,/mnt/hwfile/medai/zhangxiaoman/DATA/CT-RATE/dataset/train_preprocessed/train_23/train_23a/train_23_a_1.nii.gz
train_240_a_1.nii.gz,/mnt/hwfile/medai/zhangxiaoman/DATA/CT-RATE/dataset/train_preprocessed/train_240/train_240a/train_240_a_1.nii.gz
train_241_a_1.nii.gz,/mnt/hwfile/medai/zhangxiaoman/DATA/CT-RATE/dataset/train_preprocessed/train_241/train_241a/train_241_a_1.nii.gz
train_242_a_1.nii.gz,/mnt/hwfile/medai/zhangxiaoman/DATA/CT-RATE/dataset/train_preprocessed/train_242/train_242a/train_242_a_1.nii.gz
train_243_a_1.nii.gz,/mnt/hwfile/medai/zhangxiaoman/DATA/CT-RATE/dataset/train_preprocessed/train_243/train_243a/train_243_a_1.nii.gz
train_244_a_1.nii.gz,/mnt/hwfile/medai/zhangxiaoman/DATA/CT-RATE/dataset/train_preprocessed/train_244/train_244a/train_244_a_1.nii.gz
train_244_b_1.nii.gz,/mnt/hwfile/medai/zhangxiaoman/DATA/CT-RATE/dataset/train_preprocessed/train_244/train_244b/train_244_b_1.nii.gz
train_245_a_1.nii.gz,/mnt/hwfile/medai/zhangxiaoman/DATA/CT-RATE/dataset/train_preprocessed/train_245/train_245a/train_245_a_1.nii.gz
train_246_a_1.nii.gz,/mnt/hwfile/medai/zhangxiaoman/DATA/CT-RATE/dataset/train_preprocessed/train_246/train_246a/train_246_a_1.nii.gz
train_246_b_1.nii.gz,/mnt/hwfile/medai/zhangxiaoman/DATA/CT-RATE/dataset/train_preprocessed/train_246/train_246b/train_246_b_1.nii.gz
train_247_a_1.nii.gz,/mnt/hwfile/medai/zhangxiaoman/DATA/CT-RATE/dataset/train_preprocessed/train_247/train_247a/train_247_a_1.nii.gz
train_248_a_1.nii.gz,/mnt/hwfile/medai/zhangxiaoman/DATA/CT-RATE/dataset/train_preprocessed/train_248/train_248a/train_248_a_1.nii.gz
train_249_a_1.nii.gz,/mnt/hwfile/medai/zhangxiaoman/DATA/CT-RATE/dataset/train_preprocessed/train_249/train_249a/train_249_a_1.nii.gz
train_24_a_1.nii.gz,/mnt/hwfile/medai/zhangxiaoman/DATA/CT-RATE/dataset/train_preprocessed/train_24/train_24a/train_24_a_1.nii.gz
train_250_a_1.nii.gz,/mnt/hwfile/medai/zhangxiaoman/DATA/CT-RATE/dataset/train_preprocessed/train_250/train_250a/train_250_a_1.nii.gz
train_251_a_1.nii.gz,/mnt/hwfile/medai/zhangxiaoman/DATA/CT-RATE/dataset/train_preprocessed/train_251/train_251a/train_251_a_1.nii.gz
train_252_a_1.nii.gz,/mnt/hwfile/medai/zhangxiaoman/DATA/CT-RATE/dataset/train_preprocessed/train_252/train_252a/train_252_a_1.nii.gz
train_252_b_1.nii.gz,/mnt/hwfile/medai/zhangxiaoman/DATA/CT-RATE/dataset/train_preprocessed/train_252/train_252b/train_252_b_1.nii.gz
train_253_a_1.nii.gz,/mnt/hwfile/medai/zhangxiaoman/DATA/CT-RATE/dataset/train_preprocessed/train_253/train_253a/train_253_a_1.nii.gz
train_254_a_1.nii.gz,/mnt/hwfile/medai/zhangxiaoman/DATA/CT-RATE/dataset/train_preprocessed/train_254/train_254a/train_254_a_1.nii.gz
train_255_a_1.nii.gz,/mnt/hwfile/medai/zhangxiaoman/DATA/CT-RATE/dataset/train_preprocessed/train_255/train_255a/train_255_a_1.nii.gz
train_256_a_1.nii.gz,/mnt/hwfile/medai/zhangxiaoman/DATA/CT-RATE/dataset/train_preprocessed/train_256/train_256a/train_256_a_1.nii.gz
train_257_a_1.nii.gz,/mnt/hwfile/medai/zhangxiaoman/DATA/CT-RATE/dataset/train_preprocessed/train_257/train_257a/train_257_a_1.nii.gz
train_258_a_1.nii.gz,/mnt/hwfile/medai/zhangxiaoman/DATA/CT-RATE/dataset/train_preprocessed/train_258/train_258a/train_258_a_1.nii.gz
train_259_a_1.nii.gz,/mnt/hwfile/medai/zhangxiaoman/DATA/CT-RATE/dataset/train_preprocessed/train_259/train_259a/train_259_a_1.nii.gz
train_25_a_1.nii.gz,/mnt/hwfile/medai/zhangxiaoman/DATA/CT-RATE/dataset/train_preprocessed/train_25/train_25a/train_25_a_1.nii.gz
train_260_a_1.nii.gz,/mnt/hwfile/medai/zhangxiaoman/DATA/CT-RATE/dataset/train_preprocessed/train_260/train_260a/train_260_a_1.nii.gz
train_261_a_1.nii.gz,/mnt/hwfile/medai/zhangxiaoman/DATA/CT-RATE/dataset/train_preprocessed/train_261/train_261a/train_261_a_1.nii.gz
train_262_a_1.nii.gz,/mnt/hwfile/medai/zhangxiaoman/DATA/CT-RATE/dataset/train_preprocessed/train_262/train_262a/train_262_a_1.nii.gz
train_263_a_1.nii.gz,/mnt/hwfile/medai/zhangxiaoman/DATA/CT-RATE/dataset/train_preprocessed/train_263/train_263a/train_263_a_1.nii.gz
train_263_b_1.nii.gz,/mnt/hwfile/medai/zhangxiaoman/DATA/CT-RATE/dataset/train_preprocessed/train_263/train_263b/train_263_b_1.nii.gz
train_263_c_1.nii.gz,/mnt/hwfile/medai/zhangxiaoman/DATA/CT-RATE/dataset/train_preprocessed/train_263/train_263c/train_263_c_1.nii.gz
train_263_d_1.nii.gz,/mnt/hwfile/medai/zhangxiaoman/DATA/CT-RATE/dataset/train_preprocessed/train_263/train_263d/train_263_d_1.nii.gz
train_263_e_1.nii.gz,/mnt/hwfile/medai/zhangxiaoman/DATA/CT-RATE/dataset/train_preprocessed/train_263/train_263e/train_263_e_1.nii.gz
train_263_f_1.nii.gz,/mnt/hwfile/medai/zhangxiaoman/DATA/CT-RATE/dataset/train_preprocessed/train_263/train_263f/train_263_f_1.nii.gz
train_263_g_1.nii.gz,/mnt/hwfile/medai/zhangxiaoman/DATA/CT-RATE/dataset/train_preprocessed/train_263/train_263g/train_263_g_1.nii.gz
train_263_h_1.nii.gz,/mnt/hwfile/medai/zhangxiaoman/DATA/CT-RATE/dataset/train_preprocessed/train_263/train_263h/train_263_h_1.nii.gz
train_264_a_1.nii.gz,/mnt/hwfile/medai/zhangxiaoman/DATA/CT-RATE/dataset/train_preprocessed/train_264/train_264a/train_264_a_1.nii.gz
train_265_a_1.nii.gz,/mnt/hwfile/medai/zhangxiaoman/DATA/CT-RATE/dataset/train_preprocessed/train_265/train_265a/train_265_a_1.nii.gz
train_266_a_1.nii.gz,/mnt/hwfile/medai/zhangxiaoman/DATA/CT-RATE/dataset/train_preprocessed/train_266/train_266a/train_266_a_1.nii.gz
train_266_b_1.nii.gz,/mnt/hwfile/medai/zhangxiaoman/DATA/CT-RATE/dataset/train_preprocessed/train_266/train_266b/train_266_b_1.nii.gz
train_267_a_1.nii.gz,/mnt/hwfile/medai/zhangxiaoman/DATA/CT-RATE/dataset/train_preprocessed/train_267/train_267a/train_267_a_1.nii.gz
train_268_a_1.nii.gz,/mnt/hwfile/medai/zhangxiaoman/DATA/CT-RATE/dataset/train_preprocessed/train_268/train_268a/train_268_a_1.nii.gz
train_269_a_1.nii.gz,/mnt/hwfile/medai/zhangxiaoman/DATA/CT-RATE/dataset/train_preprocessed/train_269/train_269a/train_269_a_1.nii.gz
train_26_a_1.nii.gz,/mnt/hwfile/medai/zhangxiaoman/DATA/CT-RATE/dataset/train_preprocessed/train_26/train_26a/train_26_a_1.nii.gz
train_270_a_1.nii.gz,/mnt/hwfile/medai/zhangxiaoman/DATA/CT-RATE/dataset/train_preprocessed/train_270/train_270a/train_270_a_1.nii.gz
train_271_a_1.nii.gz,/mnt/hwfile/medai/zhangxiaoman/DATA/CT-RATE/dataset/train_preprocessed/train_271/train_271a/train_271_a_1.nii.gz
train_272_a_1.nii.gz,/mnt/hwfile/medai/zhangxiaoman/DATA/CT-RATE/dataset/train_preprocessed/train_272/train_272a/train_272_a_1.nii.gz
train_273_a_1.nii.gz,/mnt/hwfile/medai/zhangxiaoman/DATA/CT-RATE/dataset/train_preprocessed/train_273/train_273a/train_273_a_1.nii.gz
train_274_a_1.nii.gz,/mnt/hwfile/medai/zhangxiaoman/DATA/CT-RATE/dataset/train_preprocessed/train_274/train_274a/train_274_a_1.nii.gz
train_275_a_1.nii.gz,/mnt/hwfile/medai/zhangxiaoman/DATA/CT-RATE/dataset/train_preprocessed/train_275/train_275a/train_275_a_1.nii.gz
train_276_a_1.nii.gz,/mnt/hwfile/medai/zhangxiaoman/DATA/CT-RATE/dataset/train_preprocessed/train_276/train_276a/train_276_a_1.nii.gz
train_277_a_1.nii.gz,/mnt/hwfile/medai/zhangxiaoman/DATA/CT-RATE/dataset/train_preprocessed/train_277/train_277a/train_277_a_1.nii.gz
train_278_a_1.nii.gz,/mnt/hwfile/medai/zhangxiaoman/DATA/CT-RATE/dataset/train_preprocessed/train_278/train_278a/train_278_a_1.nii.gz
train_278_b_1.nii.gz,/mnt/hwfile/medai/zhangxiaoman/DATA/CT-RATE/dataset/train_preprocessed/train_278/train_278b/train_278_b_1.nii.gz
train_279_a_1.nii.gz,/mnt/hwfile/medai/zhangxiaoman/DATA/CT-RATE/dataset/train_preprocessed/train_279/train_279a/train_279_a_1.nii.gz
train_27_a_1.nii.gz,/mnt/hwfile/medai/zhangxiaoman/DATA/CT-RATE/dataset/train_preprocessed/train_27/train_27a/train_27_a_1.nii.gz
train_280_a_1.nii.gz,/mnt/hwfile/medai/zhangxiaoman/DATA/CT-RATE/dataset/train_preprocessed/train_280/train_280a/train_280_a_1.nii.gz
train_281_a_1.nii.gz,/mnt/hwfile/medai/zhangxiaoman/DATA/CT-RATE/dataset/train_preprocessed/train_281/train_281a/train_281_a_1.nii.gz
train_282_a_1.nii.gz,/mnt/hwfile/medai/zhangxiaoman/DATA/CT-RATE/dataset/train_preprocessed/train_282/train_282a/train_282_a_1.nii.gz
train_283_a_1.nii.gz,/mnt/hwfile/medai/zhangxiaoman/DATA/CT-RATE/dataset/train_preprocessed/train_283/train_283a/train_283_a_1.nii.gz
train_284_a_1.nii.gz,/mnt/hwfile/medai/zhangxiaoman/DATA/CT-RATE/dataset/train_preprocessed/train_284/train_284a/train_284_a_1.nii.gz
train_285_a_1.nii.gz,/mnt/hwfile/medai/zhangxiaoman/DATA/CT-RATE/dataset/train_preprocessed/train_285/train_285a/train_285_a_1.nii.gz
train_286_a_1.nii.gz,/mnt/hwfile/medai/zhangxiaoman/DATA/CT-RATE/dataset/train_preprocessed/train_286/train_286a/train_286_a_1.nii.gz
train_287_a_1.nii.gz,/mnt/hwfile/medai/zhangxiaoman/DATA/CT-RATE/dataset/train_preprocessed/train_287/train_287a/train_287_a_1.nii.gz
train_288_a_1.nii.gz,/mnt/hwfile/medai/zhangxiaoman/DATA/CT-RATE/dataset/train_preprocessed/train_288/train_288a/train_288_a_1.nii.gz
train_288_b_1.nii.gz,/mnt/hwfile/medai/zhangxiaoman/DATA/CT-RATE/dataset/train_preprocessed/train_288/train_288b/train_288_b_1.nii.gz
train_289_a_1.nii.gz,/mnt/hwfile/medai/zhangxiaoman/DATA/CT-RATE/dataset/train_preprocessed/train_289/train_289a/train_289_a_1.nii.gz
train_28_a_1.nii.gz,/mnt/hwfile/medai/zhangxiaoman/DATA/CT-RATE/dataset/train_preprocessed/train_28/train_28a/train_28_a_1.nii.gz
train_290_a_1.nii.gz,/mnt/hwfile/medai/zhangxiaoman/DATA/CT-RATE/dataset/train_preprocessed/train_290/train_290a/train_290_a_1.nii.gz
train_291_a_1.nii.gz,/mnt/hwfile/medai/zhangxiaoman/DATA/CT-RATE/dataset/train_preprocessed/train_291/train_291a/train_291_a_1.nii.gz
train_292_a_1.nii.gz,/mnt/hwfile/medai/zhangxiaoman/DATA/CT-RATE/dataset/train_preprocessed/train_292/train_292a/train_292_a_1.nii.gz
train_293_a_1.nii.gz,/mnt/hwfile/medai/zhangxiaoman/DATA/CT-RATE/dataset/train_preprocessed/train_293/train_293a/train_293_a_1.nii.gz
train_294_a_1.nii.gz,/mnt/hwfile/medai/zhangxiaoman/DATA/CT-RATE/dataset/train_preprocessed/train_294/train_294a/train_294_a_1.nii.gz
train_295_a_1.nii.gz,/mnt/hwfile/medai/zhangxiaoman/DATA/CT-RATE/dataset/train_preprocessed/train_295/train_295a/train_295_a_1.nii.gz
train_296_a_1.nii.gz,/mnt/hwfile/medai/zhangxiaoman/DATA/CT-RATE/dataset/train_preprocessed/train_296/train_296a/train_296_a_1.nii.gz
train_297_a_1.nii.gz,/mnt/hwfile/medai/zhangxiaoman/DATA/CT-RATE/dataset/train_preprocessed/train_297/train_297a/train_297_a_1.nii.gz
train_298_a_1.nii.gz,/mnt/hwfile/medai/zhangxiaoman/DATA/CT-RATE/dataset/train_preprocessed/train_298/train_298a/train_298_a_1.nii.gz
train_299_a_1.nii.gz,/mnt/hwfile/medai/zhangxiaoman/DATA/CT-RATE/dataset/train_preprocessed/train_299/train_299a/train_299_a_1.nii.gz
train_299_b_1.nii.gz,/mnt/hwfile/medai/zhangxiaoman/DATA/CT-RATE/dataset/train_preprocessed/train_299/train_299b/train_299_b_1.nii.gz
train_29_a_1.nii.gz,/mnt/hwfile/medai/zhangxiaoman/DATA/CT-RATE/dataset/train_preprocessed/train_29/train_29a/train_29_a_1.nii.gz
train_29_b_1.nii.gz,/mnt/hwfile/medai/zhangxiaoman/DATA/CT-RATE/dataset/train_preprocessed/train_29/train_29b/train_29_b_1.nii.gz
train_2_a_1.nii.gz,/mnt/hwfile/medai/zhangxiaoman/DATA/CT-RATE/dataset/train_preprocessed/train_2/train_2a/train_2_a_1.nii.gz
train_300_a_1.nii.gz,/mnt/hwfile/medai/zhangxiaoman/DATA/CT-RATE/dataset/train_preprocessed/train_300/train_300a/train_300_a_1.nii.gz
train_300_b_1.nii.gz,/mnt/hwfile/medai/zhangxiaoman/DATA/CT-RATE/dataset/train_preprocessed/train_300/train_300b/train_300_b_1.nii.gz
train_301_a_1.nii.gz,/mnt/hwfile/medai/zhangxiaoman/DATA/CT-RATE/dataset/train_preprocessed/train_301/train_301a/train_301_a_1.nii.gz
train_302_a_1.nii.gz,/mnt/hwfile/medai/zhangxiaoman/DATA/CT-RATE/dataset/train_preprocessed/train_302/train_302a/train_302_a_1.nii.gz
train_303_a_1.nii.gz,/mnt/hwfile/medai/zhangxiaoman/DATA/CT-RATE/dataset/train_preprocessed/train_303/train_303a/train_303_a_1.nii.gz
train_304_a_1.nii.gz,/mnt/hwfile/medai/zhangxiaoman/DATA/CT-RATE/dataset/train_preprocessed/train_304/train_304a/train_304_a_1.nii.gz
train_305_a_1.nii.gz,/mnt/hwfile/medai/zhangxiaoman/DATA/CT-RATE/dataset/train_preprocessed/train_305/train_305a/train_305_a_1.nii.gz
train_306_a_1.nii.gz,/mnt/hwfile/medai/zhangxiaoman/DATA/CT-RATE/dataset/train_preprocessed/train_306/train_306a/train_306_a_1.nii.gz
train_307_a_1.nii.gz,/mnt/hwfile/medai/zhangxiaoman/DATA/CT-RATE/dataset/train_preprocessed/train_307/train_307a/train_307_a_1.nii.gz
train_308_a_1.nii.gz,/mnt/hwfile/medai/zhangxiaoman/DATA/CT-RATE/dataset/train_preprocessed/train_308/train_308a/train_308_a_1.nii.gz
train_309_a_1.nii.gz,/mnt/hwfile/medai/zhangxiaoman/DATA/CT-RATE/dataset/train_preprocessed/train_309/train_309a/train_309_a_1.nii.gz
train_30_a_1.nii.gz,/mnt/hwfile/medai/zhangxiaoman/DATA/CT-RATE/dataset/train_preprocessed/train_30/train_30a/train_30_a_1.nii.gz
train_310_a_1.nii.gz,/mnt/hwfile/medai/zhangxiaoman/DATA/CT-RATE/dataset/train_preprocessed/train_310/train_310a/train_310_a_1.nii.gz
train_311_a_1.nii.gz,/mnt/hwfile/medai/zhangxiaoman/DATA/CT-RATE/dataset/train_preprocessed/train_311/train_311a/train_311_a_1.nii.gz
train_312_a_1.nii.gz,/mnt/hwfile/medai/zhangxiaoman/DATA/CT-RATE/dataset/train_preprocessed/train_312/train_312a/train_312_a_1.nii.gz
train_313_a_1.nii.gz,/mnt/hwfile/medai/zhangxiaoman/DATA/CT-RATE/dataset/train_preprocessed/train_313/train_313a/train_313_a_1.nii.gz
train_314_a_1.nii.gz,/mnt/hwfile/medai/zhangxiaoman/DATA/CT-RATE/dataset/train_preprocessed/train_314/train_314a/train_314_a_1.nii.gz
train_315_a_1.nii.gz,/mnt/hwfile/medai/zhangxiaoman/DATA/CT-RATE/dataset/train_preprocessed/train_315/train_315a/train_315_a_1.nii.gz
train_316_a_1.nii.gz,/mnt/hwfile/medai/zhangxiaoman/DATA/CT-RATE/dataset/train_preprocessed/train_316/train_316a/train_316_a_1.nii.gz
train_317_a_1.nii.gz,/mnt/hwfile/medai/zhangxiaoman/DATA/CT-RATE/dataset/train_preprocessed/train_317/train_317a/train_317_a_1.nii.gz
train_317_b_1.nii.gz,/mnt/hwfile/medai/zhangxiaoman/DATA/CT-RATE/dataset/train_preprocessed/train_317/train_317b/train_317_b_1.nii.gz
train_317_c_1.nii.gz,/mnt/hwfile/medai/zhangxiaoman/DATA/CT-RATE/dataset/train_preprocessed/train_317/train_317c/train_317_c_1.nii.gz
train_317_d_1.nii.gz,/mnt/hwfile/medai/zhangxiaoman/DATA/CT-RATE/dataset/train_preprocessed/train_317/train_317d/train_317_d_1.nii.gz
train_317_e_1.nii.gz,/mnt/hwfile/medai/zhangxiaoman/DATA/CT-RATE/dataset/train_preprocessed/train_317/train_317e/train_317_e_1.nii.gz
train_318_a_1.nii.gz,/mnt/hwfile/medai/zhangxiaoman/DATA/CT-RATE/dataset/train_preprocessed/train_318/train_318a/train_318_a_1.nii.gz
train_319_a_1.nii.gz,/mnt/hwfile/medai/zhangxiaoman/DATA/CT-RATE/dataset/train_preprocessed/train_319/train_319a/train_319_a_1.nii.gz
train_31_a_1.nii.gz,/mnt/hwfile/medai/zhangxiaoman/DATA/CT-RATE/dataset/train_preprocessed/train_31/train_31a/train_31_a_1.nii.gz
train_320_a_1.nii.gz,/mnt/hwfile/medai/zhangxiaoman/DATA/CT-RATE/dataset/train_preprocessed/train_320/train_320a/train_320_a_1.nii.gz
train_321_a_1.nii.gz,/mnt/hwfile/medai/zhangxiaoman/DATA/CT-RATE/dataset/train_preprocessed/train_321/train_321a/train_321_a_1.nii.gz
train_322_a_1.nii.gz,/mnt/hwfile/medai/zhangxiaoman/DATA/CT-RATE/dataset/train_preprocessed/train_322/train_322a/train_322_a_1.nii.gz
train_323_a_1.nii.gz,/mnt/hwfile/medai/zhangxiaoman/DATA/CT-RATE/dataset/train_preprocessed/train_323/train_323a/train_323_a_1.nii.gz
train_324_a_1.nii.gz,/mnt/hwfile/medai/zhangxiaoman/DATA/CT-RATE/dataset/train_preprocessed/train_324/train_324a/train_324_a_1.nii.gz
train_325_a_1.nii.gz,/mnt/hwfile/medai/zhangxiaoman/DATA/CT-RATE/dataset/train_preprocessed/train_325/train_325a/train_325_a_1.nii.gz
train_325_b_1.nii.gz,/mnt/hwfile/medai/zhangxiaoman/DATA/CT-RATE/dataset/train_preprocessed/train_325/train_325b/train_325_b_1.nii.gz
train_326_a_1.nii.gz,/mnt/hwfile/medai/zhangxiaoman/DATA/CT-RATE/dataset/train_preprocessed/train_326/train_326a/train_326_a_1.nii.gz
train_327_a_1.nii.gz,/mnt/hwfile/medai/zhangxiaoman/DATA/CT-RATE/dataset/train_preprocessed/train_327/train_327a/train_327_a_1.nii.gz
train_328_a_1.nii.gz,/mnt/hwfile/medai/zhangxiaoman/DATA/CT-RATE/dataset/train_preprocessed/train_328/train_328a/train_328_a_1.nii.gz
train_329_a_1.nii.gz,/mnt/hwfile/medai/zhangxiaoman/DATA/CT-RATE/dataset/train_preprocessed/train_329/train_329a/train_329_a_1.nii.gz
train_32_a_1.nii.gz,/mnt/hwfile/medai/zhangxiaoman/DATA/CT-RATE/dataset/train_preprocessed/train_32/train_32a/train_32_a_1.nii.gz
train_330_a_1.nii.gz,/mnt/hwfile/medai/zhangxiaoman/DATA/CT-RATE/dataset/train_preprocessed/train_330/train_330a/train_330_a_1.nii.gz
train_331_a_1.nii.gz,/mnt/hwfile/medai/zhangxiaoman/DATA/CT-RATE/dataset/train_preprocessed/train_331/train_331a/train_331_a_1.nii.gz
train_332_a_1.nii.gz,/mnt/hwfile/medai/zhangxiaoman/DATA/CT-RATE/dataset/train_preprocessed/train_332/train_332a/train_332_a_1.nii.gz
train_333_a_1.nii.gz,/mnt/hwfile/medai/zhangxiaoman/DATA/CT-RATE/dataset/train_preprocessed/train_333/train_333a/train_333_a_1.nii.gz
train_334_a_1.nii.gz,/mnt/hwfile/medai/zhangxiaoman/DATA/CT-RATE/dataset/train_preprocessed/train_334/train_334a/train_334_a_1.nii.gz
train_335_a_1.nii.gz,/mnt/hwfile/medai/zhangxiaoman/DATA/CT-RATE/dataset/train_preprocessed/train_335/train_335a/train_335_a_1.nii.gz
train_336_a_1.nii.gz,/mnt/hwfile/medai/zhangxiaoman/DATA/CT-RATE/dataset/train_preprocessed/train_336/train_336a/train_336_a_1.nii.gz
train_337_a_1.nii.gz,/mnt/hwfile/medai/zhangxiaoman/DATA/CT-RATE/dataset/train_preprocessed/train_337/train_337a/train_337_a_1.nii.gz
train_337_b_1.nii.gz,/mnt/hwfile/medai/zhangxiaoman/DATA/CT-RATE/dataset/train_preprocessed/train_337/train_337b/train_337_b_1.nii.gz
train_338_a_1.nii.gz,/mnt/hwfile/medai/zhangxiaoman/DATA/CT-RATE/dataset/train_preprocessed/train_338/train_338a/train_338_a_1.nii.gz
train_339_a_1.nii.gz,/mnt/hwfile/medai/zhangxiaoman/DATA/CT-RATE/dataset/train_preprocessed/train_339/train_339a/train_339_a_1.nii.gz
train_33_a_1.nii.gz,/mnt/hwfile/medai/zhangxiaoman/DATA/CT-RATE/dataset/train_preprocessed/train_33/train_33a/train_33_a_1.nii.gz
train_340_a_1.nii.gz,/mnt/hwfile/medai/zhangxiaoman/DATA/CT-RATE/dataset/train_preprocessed/train_340/train_340a/train_340_a_1.nii.gz
train_341_a_1.nii.gz,/mnt/hwfile/medai/zhangxiaoman/DATA/CT-RATE/dataset/train_preprocessed/train_341/train_341a/train_341_a_1.nii.gz
train_341_b_1.nii.gz,/mnt/hwfile/medai/zhangxiaoman/DATA/CT-RATE/dataset/train_preprocessed/train_341/train_341b/train_341_b_1.nii.gz
train_341_c_1.nii.gz,/mnt/hwfile/medai/zhangxiaoman/DATA/CT-RATE/dataset/train_preprocessed/train_341/train_341c/train_341_c_1.nii.gz
train_341_d_1.nii.gz,/mnt/hwfile/medai/zhangxiaoman/DATA/CT-RATE/dataset/train_preprocessed/train_341/train_341d/train_341_d_1.nii.gz
train_342_a_1.nii.gz,/mnt/hwfile/medai/zhangxiaoman/DATA/CT-RATE/dataset/train_preprocessed/train_342/train_342a/train_342_a_1.nii.gz
train_343_a_1.nii.gz,/mnt/hwfile/medai/zhangxiaoman/DATA/CT-RATE/dataset/train_preprocessed/train_343/train_343a/train_343_a_1.nii.gz
train_344_a_1.nii.gz,/mnt/hwfile/medai/zhangxiaoman/DATA/CT-RATE/dataset/train_preprocessed/train_344/train_344a/train_344_a_1.nii.gz
train_344_b_1.nii.gz,/mnt/hwfile/medai/zhangxiaoman/DATA/CT-RATE/dataset/train_preprocessed/train_344/train_344b/train_344_b_1.nii.gz
train_344_c_1.nii.gz,/mnt/hwfile/medai/zhangxiaoman/DATA/CT-RATE/dataset/train_preprocessed/train_344/train_344c/train_344_c_1.nii.gz
train_344_d_1.nii.gz,/mnt/hwfile/medai/zhangxiaoman/DATA/CT-RATE/dataset/train_preprocessed/train_344/train_344d/train_344_d_1.nii.gz
train_345_a_1.nii.gz,/mnt/hwfile/medai/zhangxiaoman/DATA/CT-RATE/dataset/train_preprocessed/train_345/train_345a/train_345_a_1.nii.gz
train_345_b_1.nii.gz,/mnt/hwfile/medai/zhangxiaoman/DATA/CT-RATE/dataset/train_preprocessed/train_345/train_345b/train_345_b_1.nii.gz
train_346_a_1.nii.gz,/mnt/hwfile/medai/zhangxiaoman/DATA/CT-RATE/dataset/train_preprocessed/train_346/train_346a/train_346_a_1.nii.gz
train_347_a_1.nii.gz,/mnt/hwfile/medai/zhangxiaoman/DATA/CT-RATE/dataset/train_preprocessed/train_347/train_347a/train_347_a_1.nii.gz
train_347_b_1.nii.gz,/mnt/hwfile/medai/zhangxiaoman/DATA/CT-RATE/dataset/train_preprocessed/train_347/train_347b/train_347_b_1.nii.gz
train_348_a_1.nii.gz,/mnt/hwfile/medai/zhangxiaoman/DATA/CT-RATE/dataset/train_preprocessed/train_348/train_348a/train_348_a_1.nii.gz
train_349_a_1.nii.gz,/mnt/hwfile/medai/zhangxiaoman/DATA/CT-RATE/dataset/train_preprocessed/train_349/train_349a/train_349_a_1.nii.gz
train_34_a_1.nii.gz,/mnt/hwfile/medai/zhangxiaoman/DATA/CT-RATE/dataset/train_preprocessed/train_34/train_34a/train_34_a_1.nii.gz
train_350_a_1.nii.gz,/mnt/hwfile/medai/zhangxiaoman/DATA/CT-RATE/dataset/train_preprocessed/train_350/train_350a/train_350_a_1.nii.gz
train_351_a_1.nii.gz,/mnt/hwfile/medai/zhangxiaoman/DATA/CT-RATE/dataset/train_preprocessed/train_351/train_351a/train_351_a_1.nii.gz
train_352_a_1.nii.gz,/mnt/hwfile/medai/zhangxiaoman/DATA/CT-RATE/dataset/train_preprocessed/train_352/train_352a/train_352_a_1.nii.gz
train_353_a_1.nii.gz,/mnt/hwfile/medai/zhangxiaoman/DATA/CT-RATE/dataset/train_preprocessed/train_353/train_353a/train_353_a_1.nii.gz
train_354_a_1.nii.gz,/mnt/hwfile/medai/zhangxiaoman/DATA/CT-RATE/dataset/train_preprocessed/train_354/train_354a/train_354_a_1.nii.gz
train_354_b_1.nii.gz,/mnt/hwfile/medai/zhangxiaoman/DATA/CT-RATE/dataset/train_preprocessed/train_354/train_354b/train_354_b_1.nii.gz
train_354_c_1.nii.gz,/mnt/hwfile/medai/zhangxiaoman/DATA/CT-RATE/dataset/train_preprocessed/train_354/train_354c/train_354_c_1.nii.gz
train_355_a_1.nii.gz,/mnt/hwfile/medai/zhangxiaoman/DATA/CT-RATE/dataset/train_preprocessed/train_355/train_355a/train_355_a_1.nii.gz
train_356_a_1.nii.gz,/mnt/hwfile/medai/zhangxiaoman/DATA/CT-RATE/dataset/train_preprocessed/train_356/train_356a/train_356_a_1.nii.gz
train_357_a_1.nii.gz,/mnt/hwfile/medai/zhangxiaoman/DATA/CT-RATE/dataset/train_preprocessed/train_357/train_357a/train_357_a_1.nii.gz
train_358_a_1.nii.gz,/mnt/hwfile/medai/zhangxiaoman/DATA/CT-RATE/dataset/train_preprocessed/train_358/train_358a/train_358_a_1.nii.gz
train_359_a_1.nii.gz,/mnt/hwfile/medai/zhangxiaoman/DATA/CT-RATE/dataset/train_preprocessed/train_359/train_359a/train_359_a_1.nii.gz
train_359_b_1.nii.gz,/mnt/hwfile/medai/zhangxiaoman/DATA/CT-RATE/dataset/train_preprocessed/train_359/train_359b/train_359_b_1.nii.gz
train_359_c_1.nii.gz,/mnt/hwfile/medai/zhangxiaoman/DATA/CT-RATE/dataset/train_preprocessed/train_359/train_359c/train_359_c_1.nii.gz
train_35_a_1.nii.gz,/mnt/hwfile/medai/zhangxiaoman/DATA/CT-RATE/dataset/train_preprocessed/train_35/train_35a/train_35_a_1.nii.gz
train_360_a_1.nii.gz,/mnt/hwfile/medai/zhangxiaoman/DATA/CT-RATE/dataset/train_preprocessed/train_360/train_360a/train_360_a_1.nii.gz
train_361_a_1.nii.gz,/mnt/hwfile/medai/zhangxiaoman/DATA/CT-RATE/dataset/train_preprocessed/train_361/train_361a/train_361_a_1.nii.gz
train_362_a_1.nii.gz,/mnt/hwfile/medai/zhangxiaoman/DATA/CT-RATE/dataset/train_preprocessed/train_362/train_362a/train_362_a_1.nii.gz
train_363_a_1.nii.gz,/mnt/hwfile/medai/zhangxiaoman/DATA/CT-RATE/dataset/train_preprocessed/train_363/train_363a/train_363_a_1.nii.gz
train_364_a_1.nii.gz,/mnt/hwfile/medai/zhangxiaoman/DATA/CT-RATE/dataset/train_preprocessed/train_364/train_364a/train_364_a_1.nii.gz
train_364_b_1.nii.gz,/mnt/hwfile/medai/zhangxiaoman/DATA/CT-RATE/dataset/train_preprocessed/train_364/train_364b/train_364_b_1.nii.gz
train_365_a_1.nii.gz,/mnt/hwfile/medai/zhangxiaoman/DATA/CT-RATE/dataset/train_preprocessed/train_365/train_365a/train_365_a_1.nii.gz
train_366_a_1.nii.gz,/mnt/hwfile/medai/zhangxiaoman/DATA/CT-RATE/dataset/train_preprocessed/train_366/train_366a/train_366_a_1.nii.gz
train_367_a_1.nii.gz,/mnt/hwfile/medai/zhangxiaoman/DATA/CT-RATE/dataset/train_preprocessed/train_367/train_367a/train_367_a_1.nii.gz
train_368_a_1.nii.gz,/mnt/hwfile/medai/zhangxiaoman/DATA/CT-RATE/dataset/train_preprocessed/train_368/train_368a/train_368_a_1.nii.gz
train_369_a_1.nii.gz,/mnt/hwfile/medai/zhangxiaoman/DATA/CT-RATE/dataset/train_preprocessed/train_369/train_369a/train_369_a_1.nii.gz
train_36_a_1.nii.gz,/mnt/hwfile/medai/zhangxiaoman/DATA/CT-RATE/dataset/train_preprocessed/train_36/train_36a/train_36_a_1.nii.gz
train_36_b_1.nii.gz,/mnt/hwfile/medai/zhangxiaoman/DATA/CT-RATE/dataset/train_preprocessed/train_36/train_36b/train_36_b_1.nii.gz
train_370_a_1.nii.gz,/mnt/hwfile/medai/zhangxiaoman/DATA/CT-RATE/dataset/train_preprocessed/train_370/train_370a/train_370_a_1.nii.gz
train_371_a_1.nii.gz,/mnt/hwfile/medai/zhangxiaoman/DATA/CT-RATE/dataset/train_preprocessed/train_371/train_371a/train_371_a_1.nii.gz
train_372_a_1.nii.gz,/mnt/hwfile/medai/zhangxiaoman/DATA/CT-RATE/dataset/train_preprocessed/train_372/train_372a/train_372_a_1.nii.gz
train_373_a_1.nii.gz,/mnt/hwfile/medai/zhangxiaoman/DATA/CT-RATE/dataset/train_preprocessed/train_373/train_373a/train_373_a_1.nii.gz
train_374_a_1.nii.gz,/mnt/hwfile/medai/zhangxiaoman/DATA/CT-RATE/dataset/train_preprocessed/train_374/train_374a/train_374_a_1.nii.gz
train_375_a_1.nii.gz,/mnt/hwfile/medai/zhangxiaoman/DATA/CT-RATE/dataset/train_preprocessed/train_375/train_375a/train_375_a_1.nii.gz
train_376_a_1.nii.gz,/mnt/hwfile/medai/zhangxiaoman/DATA/CT-RATE/dataset/train_preprocessed/train_376/train_376a/train_376_a_1.nii.gz
train_377_a_1.nii.gz,/mnt/hwfile/medai/zhangxiaoman/DATA/CT-RATE/dataset/train_preprocessed/train_377/train_377a/train_377_a_1.nii.gz
train_378_a_1.nii.gz,/mnt/hwfile/medai/zhangxiaoman/DATA/CT-RATE/dataset/train_preprocessed/train_378/train_378a/train_378_a_1.nii.gz
train_379_a_1.nii.gz,/mnt/hwfile/medai/zhangxiaoman/DATA/CT-RATE/dataset/train_preprocessed/train_379/train_379a/train_379_a_1.nii.gz
train_37_a_1.nii.gz,/mnt/hwfile/medai/zhangxiaoman/DATA/CT-RATE/dataset/train_preprocessed/train_37/train_37a/train_37_a_1.nii.gz
train_37_b_1.nii.gz,/mnt/hwfile/medai/zhangxiaoman/DATA/CT-RATE/dataset/train_preprocessed/train_37/train_37b/train_37_b_1.nii.gz
train_37_c_1.nii.gz,/mnt/hwfile/medai/zhangxiaoman/DATA/CT-RATE/dataset/train_preprocessed/train_37/train_37c/train_37_c_1.nii.gz
train_380_a_1.nii.gz,/mnt/hwfile/medai/zhangxiaoman/DATA/CT-RATE/dataset/train_preprocessed/train_380/train_380a/train_380_a_1.nii.gz
train_380_b_1.nii.gz,/mnt/hwfile/medai/zhangxiaoman/DATA/CT-RATE/dataset/train_preprocessed/train_380/train_380b/train_380_b_1.nii.gz
train_381_a_1.nii.gz,/mnt/hwfile/medai/zhangxiaoman/DATA/CT-RATE/dataset/train_preprocessed/train_381/train_381a/train_381_a_1.nii.gz
train_382_a_1.nii.gz,/mnt/hwfile/medai/zhangxiaoman/DATA/CT-RATE/dataset/train_preprocessed/train_382/train_382a/train_382_a_1.nii.gz
train_383_a_1.nii.gz,/mnt/hwfile/medai/zhangxiaoman/DATA/CT-RATE/dataset/train_preprocessed/train_383/train_383a/train_383_a_1.nii.gz
train_384_a_1.nii.gz,/mnt/hwfile/medai/zhangxiaoman/DATA/CT-RATE/dataset/train_preprocessed/train_384/train_384a/train_384_a_1.nii.gz
train_385_a_1.nii.gz,/mnt/hwfile/medai/zhangxiaoman/DATA/CT-RATE/dataset/train_preprocessed/train_385/train_385a/train_385_a_1.nii.gz
train_386_a_1.nii.gz,/mnt/hwfile/medai/zhangxiaoman/DATA/CT-RATE/dataset/train_preprocessed/train_386/train_386a/train_386_a_1.nii.gz
train_387_a_1.nii.gz,/mnt/hwfile/medai/zhangxiaoman/DATA/CT-RATE/dataset/train_preprocessed/train_387/train_387a/train_387_a_1.nii.gz
train_388_a_1.nii.gz,/mnt/hwfile/medai/zhangxiaoman/DATA/CT-RATE/dataset/train_preprocessed/train_388/train_388a/train_388_a_1.nii.gz
train_389_a_1.nii.gz,/mnt/hwfile/medai/zhangxiaoman/DATA/CT-RATE/dataset/train_preprocessed/train_389/train_389a/train_389_a_1.nii.gz
train_38_a_1.nii.gz,/mnt/hwfile/medai/zhangxiaoman/DATA/CT-RATE/dataset/train_preprocessed/train_38/train_38a/train_38_a_1.nii.gz
train_390_a_1.nii.gz,/mnt/hwfile/medai/zhangxiaoman/DATA/CT-RATE/dataset/train_preprocessed/train_390/train_390a/train_390_a_1.nii.gz
train_391_a_1.nii.gz,/mnt/hwfile/medai/zhangxiaoman/DATA/CT-RATE/dataset/train_preprocessed/train_391/train_391a/train_391_a_1.nii.gz
train_392_a_1.nii.gz,/mnt/hwfile/medai/zhangxiaoman/DATA/CT-RATE/dataset/train_preprocessed/train_392/train_392a/train_392_a_1.nii.gz
train_393_a_1.nii.gz,/mnt/hwfile/medai/zhangxiaoman/DATA/CT-RATE/dataset/train_preprocessed/train_393/train_393a/train_393_a_1.nii.gz
train_394_a_1.nii.gz,/mnt/hwfile/medai/zhangxiaoman/DATA/CT-RATE/dataset/train_preprocessed/train_394/train_394a/train_394_a_1.nii.gz
train_395_a_1.nii.gz,/mnt/hwfile/medai/zhangxiaoman/DATA/CT-RATE/dataset/train_preprocessed/train_395/train_395a/train_395_a_1.nii.gz
train_396_a_1.nii.gz,/mnt/hwfile/medai/zhangxiaoman/DATA/CT-RATE/dataset/train_preprocessed/train_396/train_396a/train_396_a_1.nii.gz
train_397_a_1.nii.gz,/mnt/hwfile/medai/zhangxiaoman/DATA/CT-RATE/dataset/train_preprocessed/train_397/train_397a/train_397_a_1.nii.gz
train_398_a_1.nii.gz,/mnt/hwfile/medai/zhangxiaoman/DATA/CT-RATE/dataset/train_preprocessed/train_398/train_398a/train_398_a_1.nii.gz
train_399_a_1.nii.gz,/mnt/hwfile/medai/zhangxiaoman/DATA/CT-RATE/dataset/train_preprocessed/train_399/train_399a/train_399_a_1.nii.gz
train_39_a_1.nii.gz,/mnt/hwfile/medai/zhangxiaoman/DATA/CT-RATE/dataset/train_preprocessed/train_39/train_39a/train_39_a_1.nii.gz
train_39_b_1.nii.gz,/mnt/hwfile/medai/zhangxiaoman/DATA/CT-RATE/dataset/train_preprocessed/train_39/train_39b/train_39_b_1.nii.gz
train_39_c_1.nii.gz,/mnt/hwfile/medai/zhangxiaoman/DATA/CT-RATE/dataset/train_preprocessed/train_39/train_39c/train_39_c_1.nii.gz
train_39_d_1.nii.gz,/mnt/hwfile/medai/zhangxiaoman/DATA/CT-RATE/dataset/train_preprocessed/train_39/train_39d/train_39_d_1.nii.gz
train_3_a_1.nii.gz,/mnt/hwfile/medai/zhangxiaoman/DATA/CT-RATE/dataset/train_preprocessed/train_3/train_3a/train_3_a_1.nii.gz
train_3_b_1.nii.gz,/mnt/hwfile/medai/zhangxiaoman/DATA/CT-RATE/dataset/train_preprocessed/train_3/train_3b/train_3_b_1.nii.gz
train_400_a_1.nii.gz,/mnt/hwfile/medai/zhangxiaoman/DATA/CT-RATE/dataset/train_preprocessed/train_400/train_400a/train_400_a_1.nii.gz
train_401_a_1.nii.gz,/mnt/hwfile/medai/zhangxiaoman/DATA/CT-RATE/dataset/train_preprocessed/train_401/train_401a/train_401_a_1.nii.gz
train_402_a_1.nii.gz,/mnt/hwfile/medai/zhangxiaoman/DATA/CT-RATE/dataset/train_preprocessed/train_402/train_402a/train_402_a_1.nii.gz
train_403_a_1.nii.gz,/mnt/hwfile/medai/zhangxiaoman/DATA/CT-RATE/dataset/train_preprocessed/train_403/train_403a/train_403_a_1.nii.gz
train_404_a_1.nii.gz,/mnt/hwfile/medai/zhangxiaoman/DATA/CT-RATE/dataset/train_preprocessed/train_404/train_404a/train_404_a_1.nii.gz
train_405_a_1.nii.gz,/mnt/hwfile/medai/zhangxiaoman/DATA/CT-RATE/dataset/train_preprocessed/train_405/train_405a/train_405_a_1.nii.gz
train_406_a_1.nii.gz,/mnt/hwfile/medai/zhangxiaoman/DATA/CT-RATE/dataset/train_preprocessed/train_406/train_406a/train_406_a_1.nii.gz
train_407_a_1.nii.gz,/mnt/hwfile/medai/zhangxiaoman/DATA/CT-RATE/dataset/train_preprocessed/train_407/train_407a/train_407_a_1.nii.gz
train_408_a_1.nii.gz,/mnt/hwfile/medai/zhangxiaoman/DATA/CT-RATE/dataset/train_preprocessed/train_408/train_408a/train_408_a_1.nii.gz
train_408_b_1.nii.gz,/mnt/hwfile/medai/zhangxiaoman/DATA/CT-RATE/dataset/train_preprocessed/train_408/train_408b/train_408_b_1.nii.gz
train_409_a_1.nii.gz,/mnt/hwfile/medai/zhangxiaoman/DATA/CT-RATE/dataset/train_preprocessed/train_409/train_409a/train_409_a_1.nii.gz
train_40_a_1.nii.gz,/mnt/hwfile/medai/zhangxiaoman/DATA/CT-RATE/dataset/train_preprocessed/train_40/train_40a/train_40_a_1.nii.gz
train_410_a_1.nii.gz,/mnt/hwfile/medai/zhangxiaoman/DATA/CT-RATE/dataset/train_preprocessed/train_410/train_410a/train_410_a_1.nii.gz
train_411_a_1.nii.gz,/mnt/hwfile/medai/zhangxiaoman/DATA/CT-RATE/dataset/train_preprocessed/train_411/train_411a/train_411_a_1.nii.gz
train_412_a_1.nii.gz,/mnt/hwfile/medai/zhangxiaoman/DATA/CT-RATE/dataset/train_preprocessed/train_412/train_412a/train_412_a_1.nii.gz
train_412_b_1.nii.gz,/mnt/hwfile/medai/zhangxiaoman/DATA/CT-RATE/dataset/train_preprocessed/train_412/train_412b/train_412_b_1.nii.gz
train_412_c_1.nii.gz,/mnt/hwfile/medai/zhangxiaoman/DATA/CT-RATE/dataset/train_preprocessed/train_412/train_412c/train_412_c_1.nii.gz
train_413_a_1.nii.gz,/mnt/hwfile/medai/zhangxiaoman/DATA/CT-RATE/dataset/train_preprocessed/train_413/train_413a/train_413_a_1.nii.gz
train_414_a_1.nii.gz,/mnt/hwfile/medai/zhangxiaoman/DATA/CT-RATE/dataset/train_preprocessed/train_414/train_414a/train_414_a_1.nii.gz
train_415_a_1.nii.gz,/mnt/hwfile/medai/zhangxiaoman/DATA/CT-RATE/dataset/train_preprocessed/train_415/train_415a/train_415_a_1.nii.gz
train_416_a_1.nii.gz,/mnt/hwfile/medai/zhangxiaoman/DATA/CT-RATE/dataset/train_preprocessed/train_416/train_416a/train_416_a_1.nii.gz
train_417_a_1.nii.gz,/mnt/hwfile/medai/zhangxiaoman/DATA/CT-RATE/dataset/train_preprocessed/train_417/train_417a/train_417_a_1.nii.gz
train_418_a_1.nii.gz,/mnt/hwfile/medai/zhangxiaoman/DATA/CT-RATE/dataset/train_preprocessed/train_418/train_418a/train_418_a_1.nii.gz
train_419_a_1.nii.gz,/mnt/hwfile/medai/zhangxiaoman/DATA/CT-RATE/dataset/train_preprocessed/train_419/train_419a/train_419_a_1.nii.gz
train_41_a_1.nii.gz,/mnt/hwfile/medai/zhangxiaoman/DATA/CT-RATE/dataset/train_preprocessed/train_41/train_41a/train_41_a_1.nii.gz
train_420_a_1.nii.gz,/mnt/hwfile/medai/zhangxiaoman/DATA/CT-RATE/dataset/train_preprocessed/train_420/train_420a/train_420_a_1.nii.gz
train_420_b_1.nii.gz,/mnt/hwfile/medai/zhangxiaoman/DATA/CT-RATE/dataset/train_preprocessed/train_420/train_420b/train_420_b_1.nii.gz
train_420_c_1.nii.gz,/mnt/hwfile/medai/zhangxiaoman/DATA/CT-RATE/dataset/train_preprocessed/train_420/train_420c/train_420_c_1.nii.gz
train_421_a_1.nii.gz,/mnt/hwfile/medai/zhangxiaoman/DATA/CT-RATE/dataset/train_preprocessed/train_421/train_421a/train_421_a_1.nii.gz
train_422_a_1.nii.gz,/mnt/hwfile/medai/zhangxiaoman/DATA/CT-RATE/dataset/train_preprocessed/train_422/train_422a/train_422_a_1.nii.gz
train_423_a_1.nii.gz,/mnt/hwfile/medai/zhangxiaoman/DATA/CT-RATE/dataset/train_preprocessed/train_423/train_423a/train_423_a_1.nii.gz
train_424_a_1.nii.gz,/mnt/hwfile/medai/zhangxiaoman/DATA/CT-RATE/dataset/train_preprocessed/train_424/train_424a/train_424_a_1.nii.gz
train_425_a_1.nii.gz,/mnt/hwfile/medai/zhangxiaoman/DATA/CT-RATE/dataset/train_preprocessed/train_425/train_425a/train_425_a_1.nii.gz
train_426_a_1.nii.gz,/mnt/hwfile/medai/zhangxiaoman/DATA/CT-RATE/dataset/train_preprocessed/train_426/train_426a/train_426_a_1.nii.gz
train_427_a_1.nii.gz,/mnt/hwfile/medai/zhangxiaoman/DATA/CT-RATE/dataset/train_preprocessed/train_427/train_427a/train_427_a_1.nii.gz
train_428_a_1.nii.gz,/mnt/hwfile/medai/zhangxiaoman/DATA/CT-RATE/dataset/train_preprocessed/train_428/train_428a/train_428_a_1.nii.gz
train_429_a_1.nii.gz,/mnt/hwfile/medai/zhangxiaoman/DATA/CT-RATE/dataset/train_preprocessed/train_429/train_429a/train_429_a_1.nii.gz
train_42_a_1.nii.gz,/mnt/hwfile/medai/zhangxiaoman/DATA/CT-RATE/dataset/train_preprocessed/train_42/train_42a/train_42_a_1.nii.gz
train_430_a_1.nii.gz,/mnt/hwfile/medai/zhangxiaoman/DATA/CT-RATE/dataset/train_preprocessed/train_430/train_430a/train_430_a_1.nii.gz
train_431_a_1.nii.gz,/mnt/hwfile/medai/zhangxiaoman/DATA/CT-RATE/dataset/train_preprocessed/train_431/train_431a/train_431_a_1.nii.gz
train_431_b_1.nii.gz,/mnt/hwfile/medai/zhangxiaoman/DATA/CT-RATE/dataset/train_preprocessed/train_431/train_431b/train_431_b_1.nii.gz
train_432_a_1.nii.gz,/mnt/hwfile/medai/zhangxiaoman/DATA/CT-RATE/dataset/train_preprocessed/train_432/train_432a/train_432_a_1.nii.gz
train_433_a_1.nii.gz,/mnt/hwfile/medai/zhangxiaoman/DATA/CT-RATE/dataset/train_preprocessed/train_433/train_433a/train_433_a_1.nii.gz
train_434_a_1.nii.gz,/mnt/hwfile/medai/zhangxiaoman/DATA/CT-RATE/dataset/train_preprocessed/train_434/train_434a/train_434_a_1.nii.gz
train_435_a_1.nii.gz,/mnt/hwfile/medai/zhangxiaoman/DATA/CT-RATE/dataset/train_preprocessed/train_435/train_435a/train_435_a_1.nii.gz
train_436_a_1.nii.gz,/mnt/hwfile/medai/zhangxiaoman/DATA/CT-RATE/dataset/train_preprocessed/train_436/train_436a/train_436_a_1.nii.gz
train_437_a_1.nii.gz,/mnt/hwfile/medai/zhangxiaoman/DATA/CT-RATE/dataset/train_preprocessed/train_437/train_437a/train_437_a_1.nii.gz
train_438_a_1.nii.gz,/mnt/hwfile/medai/zhangxiaoman/DATA/CT-RATE/dataset/train_preprocessed/train_438/train_438a/train_438_a_1.nii.gz
train_439_a_1.nii.gz,/mnt/hwfile/medai/zhangxiaoman/DATA/CT-RATE/dataset/train_preprocessed/train_439/train_439a/train_439_a_1.nii.gz
train_43_a_1.nii.gz,/mnt/hwfile/medai/zhangxiaoman/DATA/CT-RATE/dataset/train_preprocessed/train_43/train_43a/train_43_a_1.nii.gz
train_440_a_1.nii.gz,/mnt/hwfile/medai/zhangxiaoman/DATA/CT-RATE/dataset/train_preprocessed/train_440/train_440a/train_440_a_1.nii.gz
train_440_b_1.nii.gz,/mnt/hwfile/medai/zhangxiaoman/DATA/CT-RATE/dataset/train_preprocessed/train_440/train_440b/train_440_b_1.nii.gz
train_440_c_1.nii.gz,/mnt/hwfile/medai/zhangxiaoman/DATA/CT-RATE/dataset/train_preprocessed/train_440/train_440c/train_440_c_1.nii.gz
train_440_d_1.nii.gz,/mnt/hwfile/medai/zhangxiaoman/DATA/CT-RATE/dataset/train_preprocessed/train_440/train_440d/train_440_d_1.nii.gz
train_441_a_1.nii.gz,/mnt/hwfile/medai/zhangxiaoman/DATA/CT-RATE/dataset/train_preprocessed/train_441/train_441a/train_441_a_1.nii.gz
train_442_a_1.nii.gz,/mnt/hwfile/medai/zhangxiaoman/DATA/CT-RATE/dataset/train_preprocessed/train_442/train_442a/train_442_a_1.nii.gz
train_443_a_1.nii.gz,/mnt/hwfile/medai/zhangxiaoman/DATA/CT-RATE/dataset/train_preprocessed/train_443/train_443a/train_443_a_1.nii.gz
train_443_b_1.nii.gz,/mnt/hwfile/medai/zhangxiaoman/DATA/CT-RATE/dataset/train_preprocessed/train_443/train_443b/train_443_b_1.nii.gz
train_444_a_1.nii.gz,/mnt/hwfile/medai/zhangxiaoman/DATA/CT-RATE/dataset/train_preprocessed/train_444/train_444a/train_444_a_1.nii.gz
train_445_a_1.nii.gz,/mnt/hwfile/medai/zhangxiaoman/DATA/CT-RATE/dataset/train_preprocessed/train_445/train_445a/train_445_a_1.nii.gz
train_446_a_1.nii.gz,/mnt/hwfile/medai/zhangxiaoman/DATA/CT-RATE/dataset/train_preprocessed/train_446/train_446a/train_446_a_1.nii.gz
train_447_a_1.nii.gz,/mnt/hwfile/medai/zhangxiaoman/DATA/CT-RATE/dataset/train_preprocessed/train_447/train_447a/train_447_a_1.nii.gz
train_448_a_1.nii.gz,/mnt/hwfile/medai/zhangxiaoman/DATA/CT-RATE/dataset/train_preprocessed/train_448/train_448a/train_448_a_1.nii.gz
train_449_a_1.nii.gz,/mnt/hwfile/medai/zhangxiaoman/DATA/CT-RATE/dataset/train_preprocessed/train_449/train_449a/train_449_a_1.nii.gz
train_44_a_1.nii.gz,/mnt/hwfile/medai/zhangxiaoman/DATA/CT-RATE/dataset/train_preprocessed/train_44/train_44a/train_44_a_1.nii.gz
train_44_b_1.nii.gz,/mnt/hwfile/medai/zhangxiaoman/DATA/CT-RATE/dataset/train_preprocessed/train_44/train_44b/train_44_b_1.nii.gz
train_450_a_1.nii.gz,/mnt/hwfile/medai/zhangxiaoman/DATA/CT-RATE/dataset/train_preprocessed/train_450/train_450a/train_450_a_1.nii.gz
train_451_a_1.nii.gz,/mnt/hwfile/medai/zhangxiaoman/DATA/CT-RATE/dataset/train_preprocessed/train_451/train_451a/train_451_a_1.nii.gz
train_452_a_1.nii.gz,/mnt/hwfile/medai/zhangxiaoman/DATA/CT-RATE/dataset/train_preprocessed/train_452/train_452a/train_452_a_1.nii.gz
train_453_a_1.nii.gz,/mnt/hwfile/medai/zhangxiaoman/DATA/CT-RATE/dataset/train_preprocessed/train_453/train_453a/train_453_a_1.nii.gz
train_454_a_1.nii.gz,/mnt/hwfile/medai/zhangxiaoman/DATA/CT-RATE/dataset/train_preprocessed/train_454/train_454a/train_454_a_1.nii.gz
train_455_a_1.nii.gz,/mnt/hwfile/medai/zhangxiaoman/DATA/CT-RATE/dataset/train_preprocessed/train_455/train_455a/train_455_a_1.nii.gz
train_456_a_1.nii.gz,/mnt/hwfile/medai/zhangxiaoman/DATA/CT-RATE/dataset/train_preprocessed/train_456/train_456a/train_456_a_1.nii.gz
train_456_b_1.nii.gz,/mnt/hwfile/medai/zhangxiaoman/DATA/CT-RATE/dataset/train_preprocessed/train_456/train_456b/train_456_b_1.nii.gz
train_457_a_1.nii.gz,/mnt/hwfile/medai/zhangxiaoman/DATA/CT-RATE/dataset/train_preprocessed/train_457/train_457a/train_457_a_1.nii.gz
train_458_a_1.nii.gz,/mnt/hwfile/medai/zhangxiaoman/DATA/CT-RATE/dataset/train_preprocessed/train_458/train_458a/train_458_a_1.nii.gz
train_459_a_1.nii.gz,/mnt/hwfile/medai/zhangxiaoman/DATA/CT-RATE/dataset/train_preprocessed/train_459/train_459a/train_459_a_1.nii.gz
train_45_a_1.nii.gz,/mnt/hwfile/medai/zhangxiaoman/DATA/CT-RATE/dataset/train_preprocessed/train_45/train_45a/train_45_a_1.nii.gz
train_460_a_1.nii.gz,/mnt/hwfile/medai/zhangxiaoman/DATA/CT-RATE/dataset/train_preprocessed/train_460/train_460a/train_460_a_1.nii.gz
train_461_a_1.nii.gz,/mnt/hwfile/medai/zhangxiaoman/DATA/CT-RATE/dataset/train_preprocessed/train_461/train_461a/train_461_a_1.nii.gz
train_462_a_1.nii.gz,/mnt/hwfile/medai/zhangxiaoman/DATA/CT-RATE/dataset/train_preprocessed/train_462/train_462a/train_462_a_1.nii.gz
train_463_a_1.nii.gz,/mnt/hwfile/medai/zhangxiaoman/DATA/CT-RATE/dataset/train_preprocessed/train_463/train_463a/train_463_a_1.nii.gz
train_464_a_1.nii.gz,/mnt/hwfile/medai/zhangxiaoman/DATA/CT-RATE/dataset/train_preprocessed/train_464/train_464a/train_464_a_1.nii.gz
train_465_a_1.nii.gz,/mnt/hwfile/medai/zhangxiaoman/DATA/CT-RATE/dataset/train_preprocessed/train_465/train_465a/train_465_a_1.nii.gz
train_466_a_1.nii.gz,/mnt/hwfile/medai/zhangxiaoman/DATA/CT-RATE/dataset/train_preprocessed/train_466/train_466a/train_466_a_1.nii.gz
train_467_a_1.nii.gz,/mnt/hwfile/medai/zhangxiaoman/DATA/CT-RATE/dataset/train_preprocessed/train_467/train_467a/train_467_a_1.nii.gz
train_468_a_1.nii.gz,/mnt/hwfile/medai/zhangxiaoman/DATA/CT-RATE/dataset/train_preprocessed/train_468/train_468a/train_468_a_1.nii.gz
train_469_a_1.nii.gz,/mnt/hwfile/medai/zhangxiaoman/DATA/CT-RATE/dataset/train_preprocessed/train_469/train_469a/train_469_a_1.nii.gz
train_46_a_1.nii.gz,/mnt/hwfile/medai/zhangxiaoman/DATA/CT-RATE/dataset/train_preprocessed/train_46/train_46a/train_46_a_1.nii.gz
train_46_b_1.nii.gz,/mnt/hwfile/medai/zhangxiaoman/DATA/CT-RATE/dataset/train_preprocessed/train_46/train_46b/train_46_b_1.nii.gz
train_470_a_1.nii.gz,/mnt/hwfile/medai/zhangxiaoman/DATA/CT-RATE/dataset/train_preprocessed/train_470/train_470a/train_470_a_1.nii.gz
train_470_b_1.nii.gz,/mnt/hwfile/medai/zhangxiaoman/DATA/CT-RATE/dataset/train_preprocessed/train_470/train_470b/train_470_b_1.nii.gz
train_471_a_1.nii.gz,/mnt/hwfile/medai/zhangxiaoman/DATA/CT-RATE/dataset/train_preprocessed/train_471/train_471a/train_471_a_1.nii.gz
train_472_a_1.nii.gz,/mnt/hwfile/medai/zhangxiaoman/DATA/CT-RATE/dataset/train_preprocessed/train_472/train_472a/train_472_a_1.nii.gz
train_473_a_1.nii.gz,/mnt/hwfile/medai/zhangxiaoman/DATA/CT-RATE/dataset/train_preprocessed/train_473/train_473a/train_473_a_1.nii.gz
train_474_a_1.nii.gz,/mnt/hwfile/medai/zhangxiaoman/DATA/CT-RATE/dataset/train_preprocessed/train_474/train_474a/train_474_a_1.nii.gz
train_475_a_1.nii.gz,/mnt/hwfile/medai/zhangxiaoman/DATA/CT-RATE/dataset/train_preprocessed/train_475/train_475a/train_475_a_1.nii.gz
train_476_a_1.nii.gz,/mnt/hwfile/medai/zhangxiaoman/DATA/CT-RATE/dataset/train_preprocessed/train_476/train_476a/train_476_a_1.nii.gz
train_477_a_1.nii.gz,/mnt/hwfile/medai/zhangxiaoman/DATA/CT-RATE/dataset/train_preprocessed/train_477/train_477a/train_477_a_1.nii.gz
train_477_b_1.nii.gz,/mnt/hwfile/medai/zhangxiaoman/DATA/CT-RATE/dataset/train_preprocessed/train_477/train_477b/train_477_b_1.nii.gz
train_478_a_1.nii.gz,/mnt/hwfile/medai/zhangxiaoman/DATA/CT-RATE/dataset/train_preprocessed/train_478/train_478a/train_478_a_1.nii.gz
train_479_a_1.nii.gz,/mnt/hwfile/medai/zhangxiaoman/DATA/CT-RATE/dataset/train_preprocessed/train_479/train_479a/train_479_a_1.nii.gz
train_47_a_1.nii.gz,/mnt/hwfile/medai/zhangxiaoman/DATA/CT-RATE/dataset/train_preprocessed/train_47/train_47a/train_47_a_1.nii.gz
train_480_a_1.nii.gz,/mnt/hwfile/medai/zhangxiaoman/DATA/CT-RATE/dataset/train_preprocessed/train_480/train_480a/train_480_a_1.nii.gz
train_481_a_1.nii.gz,/mnt/hwfile/medai/zhangxiaoman/DATA/CT-RATE/dataset/train_preprocessed/train_481/train_481a/train_481_a_1.nii.gz
train_482_a_1.nii.gz,/mnt/hwfile/medai/zhangxiaoman/DATA/CT-RATE/dataset/train_preprocessed/train_482/train_482a/train_482_a_1.nii.gz
train_483_a_1.nii.gz,/mnt/hwfile/medai/zhangxiaoman/DATA/CT-RATE/dataset/train_preprocessed/train_483/train_483a/train_483_a_1.nii.gz
train_484_a_1.nii.gz,/mnt/hwfile/medai/zhangxiaoman/DATA/CT-RATE/dataset/train_preprocessed/train_484/train_484a/train_484_a_1.nii.gz
train_485_a_1.nii.gz,/mnt/hwfile/medai/zhangxiaoman/DATA/CT-RATE/dataset/train_preprocessed/train_485/train_485a/train_485_a_1.nii.gz
train_486_a_1.nii.gz,/mnt/hwfile/medai/zhangxiaoman/DATA/CT-RATE/dataset/train_preprocessed/train_486/train_486a/train_486_a_1.nii.gz
train_487_a_1.nii.gz,/mnt/hwfile/medai/zhangxiaoman/DATA/CT-RATE/dataset/train_preprocessed/train_487/train_487a/train_487_a_1.nii.gz
train_488_a_1.nii.gz,/mnt/hwfile/medai/zhangxiaoman/DATA/CT-RATE/dataset/train_preprocessed/train_488/train_488a/train_488_a_1.nii.gz
train_489_a_1.nii.gz,/mnt/hwfile/medai/zhangxiaoman/DATA/CT-RATE/dataset/train_preprocessed/train_489/train_489a/train_489_a_1.nii.gz
train_48_a_1.nii.gz,/mnt/hwfile/medai/zhangxiaoman/DATA/CT-RATE/dataset/train_preprocessed/train_48/train_48a/train_48_a_1.nii.gz
train_48_b_1.nii.gz,/mnt/hwfile/medai/zhangxiaoman/DATA/CT-RATE/dataset/train_preprocessed/train_48/train_48b/train_48_b_1.nii.gz
train_490_a_1.nii.gz,/mnt/hwfile/medai/zhangxiaoman/DATA/CT-RATE/dataset/train_preprocessed/train_490/train_490a/train_490_a_1.nii.gz
train_491_a_1.nii.gz,/mnt/hwfile/medai/zhangxiaoman/DATA/CT-RATE/dataset/train_preprocessed/train_491/train_491a/train_491_a_1.nii.gz
train_492_a_1.nii.gz,/mnt/hwfile/medai/zhangxiaoman/DATA/CT-RATE/dataset/train_preprocessed/train_492/train_492a/train_492_a_1.nii.gz
train_493_a_1.nii.gz,/mnt/hwfile/medai/zhangxiaoman/DATA/CT-RATE/dataset/train_preprocessed/train_493/train_493a/train_493_a_1.nii.gz
train_494_a_1.nii.gz,/mnt/hwfile/medai/zhangxiaoman/DATA/CT-RATE/dataset/train_preprocessed/train_494/train_494a/train_494_a_1.nii.gz
train_495_a_1.nii.gz,/mnt/hwfile/medai/zhangxiaoman/DATA/CT-RATE/dataset/train_preprocessed/train_495/train_495a/train_495_a_1.nii.gz
train_496_a_1.nii.gz,/mnt/hwfile/medai/zhangxiaoman/DATA/CT-RATE/dataset/train_preprocessed/train_496/train_496a/train_496_a_1.nii.gz
train_497_a_1.nii.gz,/mnt/hwfile/medai/zhangxiaoman/DATA/CT-RATE/dataset/train_preprocessed/train_497/train_497a/train_497_a_1.nii.gz
train_498_a_1.nii.gz,/mnt/hwfile/medai/zhangxiaoman/DATA/CT-RATE/dataset/train_preprocessed/train_498/train_498a/train_498_a_1.nii.gz
train_499_a_1.nii.gz,/mnt/hwfile/medai/zhangxiaoman/DATA/CT-RATE/dataset/train_preprocessed/train_499/train_499a/train_499_a_1.nii.gz
train_49_a_1.nii.gz,/mnt/hwfile/medai/zhangxiaoman/DATA/CT-RATE/dataset/train_preprocessed/train_49/train_49a/train_49_a_1.nii.gz
train_4_a_1.nii.gz,/mnt/hwfile/medai/zhangxiaoman/DATA/CT-RATE/dataset/train_preprocessed/train_4/train_4a/train_4_a_1.nii.gz
train_500_a_1.nii.gz,/mnt/hwfile/medai/zhangxiaoman/DATA/CT-RATE/dataset/train_preprocessed/train_500/train_500a/train_500_a_1.nii.gz
train_501_a_1.nii.gz,/mnt/hwfile/medai/zhangxiaoman/DATA/CT-RATE/dataset/train_preprocessed/train_501/train_501a/train_501_a_1.nii.gz
train_502_a_1.nii.gz,/mnt/hwfile/medai/zhangxiaoman/DATA/CT-RATE/dataset/train_preprocessed/train_502/train_502a/train_502_a_1.nii.gz
train_503_a_1.nii.gz,/mnt/hwfile/medai/zhangxiaoman/DATA/CT-RATE/dataset/train_preprocessed/train_503/train_503a/train_503_a_1.nii.gz
train_504_a_1.nii.gz,/mnt/hwfile/medai/zhangxiaoman/DATA/CT-RATE/dataset/train_preprocessed/train_504/train_504a/train_504_a_1.nii.gz
train_505_a_1.nii.gz,/mnt/hwfile/medai/zhangxiaoman/DATA/CT-RATE/dataset/train_preprocessed/train_505/train_505a/train_505_a_1.nii.gz
train_506_a_1.nii.gz,/mnt/hwfile/medai/zhangxiaoman/DATA/CT-RATE/dataset/train_preprocessed/train_506/train_506a/train_506_a_1.nii.gz
train_507_a_1.nii.gz,/mnt/hwfile/medai/zhangxiaoman/DATA/CT-RATE/dataset/train_preprocessed/train_507/train_507a/train_507_a_1.nii.gz
train_508_a_1.nii.gz,/mnt/hwfile/medai/zhangxiaoman/DATA/CT-RATE/dataset/train_preprocessed/train_508/train_508a/train_508_a_1.nii.gz
train_509_a_1.nii.gz,/mnt/hwfile/medai/zhangxiaoman/DATA/CT-RATE/dataset/train_preprocessed/train_509/train_509a/train_509_a_1.nii.gz
train_50_a_1.nii.gz,/mnt/hwfile/medai/zhangxiaoman/DATA/CT-RATE/dataset/train_preprocessed/train_50/train_50a/train_50_a_1.nii.gz
train_510_a_1.nii.gz,/mnt/hwfile/medai/zhangxiaoman/DATA/CT-RATE/dataset/train_preprocessed/train_510/train_510a/train_510_a_1.nii.gz
train_511_a_1.nii.gz,/mnt/hwfile/medai/zhangxiaoman/DATA/CT-RATE/dataset/train_preprocessed/train_511/train_511a/train_511_a_1.nii.gz
train_512_a_1.nii.gz,/mnt/hwfile/medai/zhangxiaoman/DATA/CT-RATE/dataset/train_preprocessed/train_512/train_512a/train_512_a_1.nii.gz
train_513_a_1.nii.gz,/mnt/hwfile/medai/zhangxiaoman/DATA/CT-RATE/dataset/train_preprocessed/train_513/train_513a/train_513_a_1.nii.gz
train_514_a_1.nii.gz,/mnt/hwfile/medai/zhangxiaoman/DATA/CT-RATE/dataset/train_preprocessed/train_514/train_514a/train_514_a_1.nii.gz
train_515_a_1.nii.gz,/mnt/hwfile/medai/zhangxiaoman/DATA/CT-RATE/dataset/train_preprocessed/train_515/train_515a/train_515_a_1.nii.gz
train_516_a_1.nii.gz,/mnt/hwfile/medai/zhangxiaoman/DATA/CT-RATE/dataset/train_preprocessed/train_516/train_516a/train_516_a_1.nii.gz
train_517_a_1.nii.gz,/mnt/hwfile/medai/zhangxiaoman/DATA/CT-RATE/dataset/train_preprocessed/train_517/train_517a/train_517_a_1.nii.gz
train_518_a_1.nii.gz,/mnt/hwfile/medai/zhangxiaoman/DATA/CT-RATE/dataset/train_preprocessed/train_518/train_518a/train_518_a_1.nii.gz
train_518_b_1.nii.gz,/mnt/hwfile/medai/zhangxiaoman/DATA/CT-RATE/dataset/train_preprocessed/train_518/train_518b/train_518_b_1.nii.gz
train_518_c_1.nii.gz,/mnt/hwfile/medai/zhangxiaoman/DATA/CT-RATE/dataset/train_preprocessed/train_518/train_518c/train_518_c_1.nii.gz
train_518_d_1.nii.gz,/mnt/hwfile/medai/zhangxiaoman/DATA/CT-RATE/dataset/train_preprocessed/train_518/train_518d/train_518_d_1.nii.gz
train_518_e_1.nii.gz,/mnt/hwfile/medai/zhangxiaoman/DATA/CT-RATE/dataset/train_preprocessed/train_518/train_518e/train_518_e_1.nii.gz
train_518_f_1.nii.gz,/mnt/hwfile/medai/zhangxiaoman/DATA/CT-RATE/dataset/train_preprocessed/train_518/train_518f/train_518_f_1.nii.gz
train_518_g_1.nii.gz,/mnt/hwfile/medai/zhangxiaoman/DATA/CT-RATE/dataset/train_preprocessed/train_518/train_518g/train_518_g_1.nii.gz
train_518_h_1.nii.gz,/mnt/hwfile/medai/zhangxiaoman/DATA/CT-RATE/dataset/train_preprocessed/train_518/train_518h/train_518_h_1.nii.gz
train_518_i_1.nii.gz,/mnt/hwfile/medai/zhangxiaoman/DATA/CT-RATE/dataset/train_preprocessed/train_518/train_518i/train_518_i_1.nii.gz
train_518_j_1.nii.gz,/mnt/hwfile/medai/zhangxiaoman/DATA/CT-RATE/dataset/train_preprocessed/train_518/train_518j/train_518_j_1.nii.gz
train_518_k_1.nii.gz,/mnt/hwfile/medai/zhangxiaoman/DATA/CT-RATE/dataset/train_preprocessed/train_518/train_518k/train_518_k_1.nii.gz
train_519_a_1.nii.gz,/mnt/hwfile/medai/zhangxiaoman/DATA/CT-RATE/dataset/train_preprocessed/train_519/train_519a/train_519_a_1.nii.gz
train_519_b_1.nii.gz,/mnt/hwfile/medai/zhangxiaoman/DATA/CT-RATE/dataset/train_preprocessed/train_519/train_519b/train_519_b_1.nii.gz
train_51_a_1.nii.gz,/mnt/hwfile/medai/zhangxiaoman/DATA/CT-RATE/dataset/train_preprocessed/train_51/train_51a/train_51_a_1.nii.gz
train_51_b_1.nii.gz,/mnt/hwfile/medai/zhangxiaoman/DATA/CT-RATE/dataset/train_preprocessed/train_51/train_51b/train_51_b_1.nii.gz
train_51_c_1.nii.gz,/mnt/hwfile/medai/zhangxiaoman/DATA/CT-RATE/dataset/train_preprocessed/train_51/train_51c/train_51_c_1.nii.gz
train_520_a_1.nii.gz,/mnt/hwfile/medai/zhangxiaoman/DATA/CT-RATE/dataset/train_preprocessed/train_520/train_520a/train_520_a_1.nii.gz
train_521_a_1.nii.gz,/mnt/hwfile/medai/zhangxiaoman/DATA/CT-RATE/dataset/train_preprocessed/train_521/train_521a/train_521_a_1.nii.gz
train_522_a_1.nii.gz,/mnt/hwfile/medai/zhangxiaoman/DATA/CT-RATE/dataset/train_preprocessed/train_522/train_522a/train_522_a_1.nii.gz
train_523_a_1.nii.gz,/mnt/hwfile/medai/zhangxiaoman/DATA/CT-RATE/dataset/train_preprocessed/train_523/train_523a/train_523_a_1.nii.gz
train_524_a_1.nii.gz,/mnt/hwfile/medai/zhangxiaoman/DATA/CT-RATE/dataset/train_preprocessed/train_524/train_524a/train_524_a_1.nii.gz
train_525_a_1.nii.gz,/mnt/hwfile/medai/zhangxiaoman/DATA/CT-RATE/dataset/train_preprocessed/train_525/train_525a/train_525_a_1.nii.gz
train_526_a_1.nii.gz,/mnt/hwfile/medai/zhangxiaoman/DATA/CT-RATE/dataset/train_preprocessed/train_526/train_526a/train_526_a_1.nii.gz
train_527_a_1.nii.gz,/mnt/hwfile/medai/zhangxiaoman/DATA/CT-RATE/dataset/train_preprocessed/train_527/train_527a/train_527_a_1.nii.gz
train_527_b_1.nii.gz,/mnt/hwfile/medai/zhangxiaoman/DATA/CT-RATE/dataset/train_preprocessed/train_527/train_527b/train_527_b_1.nii.gz
train_528_a_1.nii.gz,/mnt/hwfile/medai/zhangxiaoman/DATA/CT-RATE/dataset/train_preprocessed/train_528/train_528a/train_528_a_1.nii.gz
train_529_a_1.nii.gz,/mnt/hwfile/medai/zhangxiaoman/DATA/CT-RATE/dataset/train_preprocessed/train_529/train_529a/train_529_a_1.nii.gz
train_52_a_1.nii.gz,/mnt/hwfile/medai/zhangxiaoman/DATA/CT-RATE/dataset/train_preprocessed/train_52/train_52a/train_52_a_1.nii.gz
train_52_b_1.nii.gz,/mnt/hwfile/medai/zhangxiaoman/DATA/CT-RATE/dataset/train_preprocessed/train_52/train_52b/train_52_b_1.nii.gz
train_530_a_1.nii.gz,/mnt/hwfile/medai/zhangxiaoman/DATA/CT-RATE/dataset/train_preprocessed/train_530/train_530a/train_530_a_1.nii.gz
train_531_a_1.nii.gz,/mnt/hwfile/medai/zhangxiaoman/DATA/CT-RATE/dataset/train_preprocessed/train_531/train_531a/train_531_a_1.nii.gz
train_532_a_1.nii.gz,/mnt/hwfile/medai/zhangxiaoman/DATA/CT-RATE/dataset/train_preprocessed/train_532/train_532a/train_532_a_1.nii.gz
train_533_a_1.nii.gz,/mnt/hwfile/medai/zhangxiaoman/DATA/CT-RATE/dataset/train_preprocessed/train_533/train_533a/train_533_a_1.nii.gz
train_534_a_1.nii.gz,/mnt/hwfile/medai/zhangxiaoman/DATA/CT-RATE/dataset/train_preprocessed/train_534/train_534a/train_534_a_1.nii.gz
train_535_a_1.nii.gz,/mnt/hwfile/medai/zhangxiaoman/DATA/CT-RATE/dataset/train_preprocessed/train_535/train_535a/train_535_a_1.nii.gz
train_536_a_1.nii.gz,/mnt/hwfile/medai/zhangxiaoman/DATA/CT-RATE/dataset/train_preprocessed/train_536/train_536a/train_536_a_1.nii.gz
train_537_a_1.nii.gz,/mnt/hwfile/medai/zhangxiaoman/DATA/CT-RATE/dataset/train_preprocessed/train_537/train_537a/train_537_a_1.nii.gz
train_538_a_1.nii.gz,/mnt/hwfile/medai/zhangxiaoman/DATA/CT-RATE/dataset/train_preprocessed/train_538/train_538a/train_538_a_1.nii.gz
train_539_a_1.nii.gz,/mnt/hwfile/medai/zhangxiaoman/DATA/CT-RATE/dataset/train_preprocessed/train_539/train_539a/train_539_a_1.nii.gz
train_53_a_1.nii.gz,/mnt/hwfile/medai/zhangxiaoman/DATA/CT-RATE/dataset/train_preprocessed/train_53/train_53a/train_53_a_1.nii.gz
train_53_b_1.nii.gz,/mnt/hwfile/medai/zhangxiaoman/DATA/CT-RATE/dataset/train_preprocessed/train_53/train_53b/train_53_b_1.nii.gz
train_53_c_1.nii.gz,/mnt/hwfile/medai/zhangxiaoman/DATA/CT-RATE/dataset/train_preprocessed/train_53/train_53c/train_53_c_1.nii.gz
train_540_a_1.nii.gz,/mnt/hwfile/medai/zhangxiaoman/DATA/CT-RATE/dataset/train_preprocessed/train_540/train_540a/train_540_a_1.nii.gz
train_541_a_1.nii.gz,/mnt/hwfile/medai/zhangxiaoman/DATA/CT-RATE/dataset/train_preprocessed/train_541/train_541a/train_541_a_1.nii.gz
train_542_a_1.nii.gz,/mnt/hwfile/medai/zhangxiaoman/DATA/CT-RATE/dataset/train_preprocessed/train_542/train_542a/train_542_a_1.nii.gz
train_543_a_1.nii.gz,/mnt/hwfile/medai/zhangxiaoman/DATA/CT-RATE/dataset/train_preprocessed/train_543/train_543a/train_543_a_1.nii.gz
train_544_a_1.nii.gz,/mnt/hwfile/medai/zhangxiaoman/DATA/CT-RATE/dataset/train_preprocessed/train_544/train_544a/train_544_a_1.nii.gz
train_545_a_1.nii.gz,/mnt/hwfile/medai/zhangxiaoman/DATA/CT-RATE/dataset/train_preprocessed/train_545/train_545a/train_545_a_1.nii.gz
train_546_a_1.nii.gz,/mnt/hwfile/medai/zhangxiaoman/DATA/CT-RATE/dataset/train_preprocessed/train_546/train_546a/train_546_a_1.nii.gz
train_547_a_1.nii.gz,/mnt/hwfile/medai/zhangxiaoman/DATA/CT-RATE/dataset/train_preprocessed/train_547/train_547a/train_547_a_1.nii.gz
train_547_b_1.nii.gz,/mnt/hwfile/medai/zhangxiaoman/DATA/CT-RATE/dataset/train_preprocessed/train_547/train_547b/train_547_b_1.nii.gz
train_548_a_1.nii.gz,/mnt/hwfile/medai/zhangxiaoman/DATA/CT-RATE/dataset/train_preprocessed/train_548/train_548a/train_548_a_1.nii.gz
train_549_a_1.nii.gz,/mnt/hwfile/medai/zhangxiaoman/DATA/CT-RATE/dataset/train_preprocessed/train_549/train_549a/train_549_a_1.nii.gz
train_54_a_1.nii.gz,/mnt/hwfile/medai/zhangxiaoman/DATA/CT-RATE/dataset/train_preprocessed/train_54/train_54a/train_54_a_1.nii.gz
train_550_a_1.nii.gz,/mnt/hwfile/medai/zhangxiaoman/DATA/CT-RATE/dataset/train_preprocessed/train_550/train_550a/train_550_a_1.nii.gz
train_551_a_1.nii.gz,/mnt/hwfile/medai/zhangxiaoman/DATA/CT-RATE/dataset/train_preprocessed/train_551/train_551a/train_551_a_1.nii.gz
train_552_a_1.nii.gz,/mnt/hwfile/medai/zhangxiaoman/DATA/CT-RATE/dataset/train_preprocessed/train_552/train_552a/train_552_a_1.nii.gz
train_553_a_1.nii.gz,/mnt/hwfile/medai/zhangxiaoman/DATA/CT-RATE/dataset/train_preprocessed/train_553/train_553a/train_553_a_1.nii.gz
train_554_a_1.nii.gz,/mnt/hwfile/medai/zhangxiaoman/DATA/CT-RATE/dataset/train_preprocessed/train_554/train_554a/train_554_a_1.nii.gz
train_555_a_1.nii.gz,/mnt/hwfile/medai/zhangxiaoman/DATA/CT-RATE/dataset/train_preprocessed/train_555/train_555a/train_555_a_1.nii.gz
train_556_a_1.nii.gz,/mnt/hwfile/medai/zhangxiaoman/DATA/CT-RATE/dataset/train_preprocessed/train_556/train_556a/train_556_a_1.nii.gz
train_557_a_1.nii.gz,/mnt/hwfile/medai/zhangxiaoman/DATA/CT-RATE/dataset/train_preprocessed/train_557/train_557a/train_557_a_1.nii.gz
train_557_b_1.nii.gz,/mnt/hwfile/medai/zhangxiaoman/DATA/CT-RATE/dataset/train_preprocessed/train_557/train_557b/train_557_b_1.nii.gz
train_557_c_1.nii.gz,/mnt/hwfile/medai/zhangxiaoman/DATA/CT-RATE/dataset/train_preprocessed/train_557/train_557c/train_557_c_1.nii.gz
train_558_a_1.nii.gz,/mnt/hwfile/medai/zhangxiaoman/DATA/CT-RATE/dataset/train_preprocessed/train_558/train_558a/train_558_a_1.nii.gz
train_559_a_1.nii.gz,/mnt/hwfile/medai/zhangxiaoman/DATA/CT-RATE/dataset/train_preprocessed/train_559/train_559a/train_559_a_1.nii.gz
train_55_a_1.nii.gz,/mnt/hwfile/medai/zhangxiaoman/DATA/CT-RATE/dataset/train_preprocessed/train_55/train_55a/train_55_a_1.nii.gz
train_55_b_1.nii.gz,/mnt/hwfile/medai/zhangxiaoman/DATA/CT-RATE/dataset/train_preprocessed/train_55/train_55b/train_55_b_1.nii.gz
train_560_a_1.nii.gz,/mnt/hwfile/medai/zhangxiaoman/DATA/CT-RATE/dataset/train_preprocessed/train_560/train_560a/train_560_a_1.nii.gz
train_560_b_1.nii.gz,/mnt/hwfile/medai/zhangxiaoman/DATA/CT-RATE/dataset/train_preprocessed/train_560/train_560b/train_560_b_1.nii.gz
train_561_a_1.nii.gz,/mnt/hwfile/medai/zhangxiaoman/DATA/CT-RATE/dataset/train_preprocessed/train_561/train_561a/train_561_a_1.nii.gz
train_561_b_1.nii.gz,/mnt/hwfile/medai/zhangxiaoman/DATA/CT-RATE/dataset/train_preprocessed/train_561/train_561b/train_561_b_1.nii.gz
train_562_a_1.nii.gz,/mnt/hwfile/medai/zhangxiaoman/DATA/CT-RATE/dataset/train_preprocessed/train_562/train_562a/train_562_a_1.nii.gz
train_563_a_1.nii.gz,/mnt/hwfile/medai/zhangxiaoman/DATA/CT-RATE/dataset/train_preprocessed/train_563/train_563a/train_563_a_1.nii.gz
train_564_a_1.nii.gz,/mnt/hwfile/medai/zhangxiaoman/DATA/CT-RATE/dataset/train_preprocessed/train_564/train_564a/train_564_a_1.nii.gz
train_565_a_1.nii.gz,/mnt/hwfile/medai/zhangxiaoman/DATA/CT-RATE/dataset/train_preprocessed/train_565/train_565a/train_565_a_1.nii.gz
train_566_a_1.nii.gz,/mnt/hwfile/medai/zhangxiaoman/DATA/CT-RATE/dataset/train_preprocessed/train_566/train_566a/train_566_a_1.nii.gz
train_567_a_1.nii.gz,/mnt/hwfile/medai/zhangxiaoman/DATA/CT-RATE/dataset/train_preprocessed/train_567/train_567a/train_567_a_1.nii.gz
train_568_a_1.nii.gz,/mnt/hwfile/medai/zhangxiaoman/DATA/CT-RATE/dataset/train_preprocessed/train_568/train_568a/train_568_a_1.nii.gz
train_569_a_1.nii.gz,/mnt/hwfile/medai/zhangxiaoman/DATA/CT-RATE/dataset/train_preprocessed/train_569/train_569a/train_569_a_1.nii.gz
train_569_b_1.nii.gz,/mnt/hwfile/medai/zhangxiaoman/DATA/CT-RATE/dataset/train_preprocessed/train_569/train_569b/train_569_b_1.nii.gz
train_56_a_1.nii.gz,/mnt/hwfile/medai/zhangxiaoman/DATA/CT-RATE/dataset/train_preprocessed/train_56/train_56a/train_56_a_1.nii.gz
train_570_a_1.nii.gz,/mnt/hwfile/medai/zhangxiaoman/DATA/CT-RATE/dataset/train_preprocessed/train_570/train_570a/train_570_a_1.nii.gz
train_571_a_1.nii.gz,/mnt/hwfile/medai/zhangxiaoman/DATA/CT-RATE/dataset/train_preprocessed/train_571/train_571a/train_571_a_1.nii.gz
train_571_b_1.nii.gz,/mnt/hwfile/medai/zhangxiaoman/DATA/CT-RATE/dataset/train_preprocessed/train_571/train_571b/train_571_b_1.nii.gz
train_571_c_1.nii.gz,/mnt/hwfile/medai/zhangxiaoman/DATA/CT-RATE/dataset/train_preprocessed/train_571/train_571c/train_571_c_1.nii.gz
train_572_a_1.nii.gz,/mnt/hwfile/medai/zhangxiaoman/DATA/CT-RATE/dataset/train_preprocessed/train_572/train_572a/train_572_a_1.nii.gz
train_573_a_1.nii.gz,/mnt/hwfile/medai/zhangxiaoman/DATA/CT-RATE/dataset/train_preprocessed/train_573/train_573a/train_573_a_1.nii.gz
train_574_a_1.nii.gz,/mnt/hwfile/medai/zhangxiaoman/DATA/CT-RATE/dataset/train_preprocessed/train_574/train_574a/train_574_a_1.nii.gz
train_575_a_1.nii.gz,/mnt/hwfile/medai/zhangxiaoman/DATA/CT-RATE/dataset/train_preprocessed/train_575/train_575a/train_575_a_1.nii.gz
train_576_a_1.nii.gz,/mnt/hwfile/medai/zhangxiaoman/DATA/CT-RATE/dataset/train_preprocessed/train_576/train_576a/train_576_a_1.nii.gz
train_577_a_1.nii.gz,/mnt/hwfile/medai/zhangxiaoman/DATA/CT-RATE/dataset/train_preprocessed/train_577/train_577a/train_577_a_1.nii.gz
train_578_a_1.nii.gz,/mnt/hwfile/medai/zhangxiaoman/DATA/CT-RATE/dataset/train_preprocessed/train_578/train_578a/train_578_a_1.nii.gz
train_579_a_1.nii.gz,/mnt/hwfile/medai/zhangxiaoman/DATA/CT-RATE/dataset/train_preprocessed/train_579/train_579a/train_579_a_1.nii.gz
train_57_a_1.nii.gz,/mnt/hwfile/medai/zhangxiaoman/DATA/CT-RATE/dataset/train_preprocessed/train_57/train_57a/train_57_a_1.nii.gz
train_580_a_1.nii.gz,/mnt/hwfile/medai/zhangxiaoman/DATA/CT-RATE/dataset/train_preprocessed/train_580/train_580a/train_580_a_1.nii.gz
train_581_a_1.nii.gz,/mnt/hwfile/medai/zhangxiaoman/DATA/CT-RATE/dataset/train_preprocessed/train_581/train_581a/train_581_a_1.nii.gz
train_582_a_1.nii.gz,/mnt/hwfile/medai/zhangxiaoman/DATA/CT-RATE/dataset/train_preprocessed/train_582/train_582a/train_582_a_1.nii.gz
train_582_b_1.nii.gz,/mnt/hwfile/medai/zhangxiaoman/DATA/CT-RATE/dataset/train_preprocessed/train_582/train_582b/train_582_b_1.nii.gz
train_583_a_1.nii.gz,/mnt/hwfile/medai/zhangxiaoman/DATA/CT-RATE/dataset/train_preprocessed/train_583/train_583a/train_583_a_1.nii.gz
train_584_a_1.nii.gz,/mnt/hwfile/medai/zhangxiaoman/DATA/CT-RATE/dataset/train_preprocessed/train_584/train_584a/train_584_a_1.nii.gz
train_585_a_1.nii.gz,/mnt/hwfile/medai/zhangxiaoman/DATA/CT-RATE/dataset/train_preprocessed/train_585/train_585a/train_585_a_1.nii.gz
train_586_a_1.nii.gz,/mnt/hwfile/medai/zhangxiaoman/DATA/CT-RATE/dataset/train_preprocessed/train_586/train_586a/train_586_a_1.nii.gz
train_587_a_1.nii.gz,/mnt/hwfile/medai/zhangxiaoman/DATA/CT-RATE/dataset/train_preprocessed/train_587/train_587a/train_587_a_1.nii.gz
train_588_a_1.nii.gz,/mnt/hwfile/medai/zhangxiaoman/DATA/CT-RATE/dataset/train_preprocessed/train_588/train_588a/train_588_a_1.nii.gz
train_588_b_1.nii.gz,/mnt/hwfile/medai/zhangxiaoman/DATA/CT-RATE/dataset/train_preprocessed/train_588/train_588b/train_588_b_1.nii.gz
train_589_a_1.nii.gz,/mnt/hwfile/medai/zhangxiaoman/DATA/CT-RATE/dataset/train_preprocessed/train_589/train_589a/train_589_a_1.nii.gz
train_58_a_1.nii.gz,/mnt/hwfile/medai/zhangxiaoman/DATA/CT-RATE/dataset/train_preprocessed/train_58/train_58a/train_58_a_1.nii.gz
train_590_a_1.nii.gz,/mnt/hwfile/medai/zhangxiaoman/DATA/CT-RATE/dataset/train_preprocessed/train_590/train_590a/train_590_a_1.nii.gz
train_590_b_1.nii.gz,/mnt/hwfile/medai/zhangxiaoman/DATA/CT-RATE/dataset/train_preprocessed/train_590/train_590b/train_590_b_1.nii.gz
train_591_a_1.nii.gz,/mnt/hwfile/medai/zhangxiaoman/DATA/CT-RATE/dataset/train_preprocessed/train_591/train_591a/train_591_a_1.nii.gz
train_592_a_1.nii.gz,/mnt/hwfile/medai/zhangxiaoman/DATA/CT-RATE/dataset/train_preprocessed/train_592/train_592a/train_592_a_1.nii.gz
train_593_a_1.nii.gz,/mnt/hwfile/medai/zhangxiaoman/DATA/CT-RATE/dataset/train_preprocessed/train_593/train_593a/train_593_a_1.nii.gz
train_594_a_1.nii.gz,/mnt/hwfile/medai/zhangxiaoman/DATA/CT-RATE/dataset/train_preprocessed/train_594/train_594a/train_594_a_1.nii.gz
train_595_a_1.nii.gz,/mnt/hwfile/medai/zhangxiaoman/DATA/CT-RATE/dataset/train_preprocessed/train_595/train_595a/train_595_a_1.nii.gz
train_596_a_1.nii.gz,/mnt/hwfile/medai/zhangxiaoman/DATA/CT-RATE/dataset/train_preprocessed/train_596/train_596a/train_596_a_1.nii.gz
train_597_a_1.nii.gz,/mnt/hwfile/medai/zhangxiaoman/DATA/CT-RATE/dataset/train_preprocessed/train_597/train_597a/train_597_a_1.nii.gz
train_598_a_1.nii.gz,/mnt/hwfile/medai/zhangxiaoman/DATA/CT-RATE/dataset/train_preprocessed/train_598/train_598a/train_598_a_1.nii.gz
train_599_a_1.nii.gz,/mnt/hwfile/medai/zhangxiaoman/DATA/CT-RATE/dataset/train_preprocessed/train_599/train_599a/train_599_a_1.nii.gz
train_59_a_1.nii.gz,/mnt/hwfile/medai/zhangxiaoman/DATA/CT-RATE/dataset/train_preprocessed/train_59/train_59a/train_59_a_1.nii.gz
train_5_a_1.nii.gz,/mnt/hwfile/medai/zhangxiaoman/DATA/CT-RATE/dataset/train_preprocessed/train_5/train_5a/train_5_a_1.nii.gz
train_600_a_1.nii.gz,/mnt/hwfile/medai/zhangxiaoman/DATA/CT-RATE/dataset/train_preprocessed/train_600/train_600a/train_600_a_1.nii.gz
train_601_a_1.nii.gz,/mnt/hwfile/medai/zhangxiaoman/DATA/CT-RATE/dataset/train_preprocessed/train_601/train_601a/train_601_a_1.nii.gz
train_602_a_1.nii.gz,/mnt/hwfile/medai/zhangxiaoman/DATA/CT-RATE/dataset/train_preprocessed/train_602/train_602a/train_602_a_1.nii.gz
train_602_b_1.nii.gz,/mnt/hwfile/medai/zhangxiaoman/DATA/CT-RATE/dataset/train_preprocessed/train_602/train_602b/train_602_b_1.nii.gz
train_602_c_1.nii.gz,/mnt/hwfile/medai/zhangxiaoman/DATA/CT-RATE/dataset/train_preprocessed/train_602/train_602c/train_602_c_1.nii.gz
train_602_d_1.nii.gz,/mnt/hwfile/medai/zhangxiaoman/DATA/CT-RATE/dataset/train_preprocessed/train_602/train_602d/train_602_d_1.nii.gz
train_603_a_1.nii.gz,/mnt/hwfile/medai/zhangxiaoman/DATA/CT-RATE/dataset/train_preprocessed/train_603/train_603a/train_603_a_1.nii.gz
train_604_a_1.nii.gz,/mnt/hwfile/medai/zhangxiaoman/DATA/CT-RATE/dataset/train_preprocessed/train_604/train_604a/train_604_a_1.nii.gz
train_605_a_1.nii.gz,/mnt/hwfile/medai/zhangxiaoman/DATA/CT-RATE/dataset/train_preprocessed/train_605/train_605a/train_605_a_1.nii.gz
train_606_a_1.nii.gz,/mnt/hwfile/medai/zhangxiaoman/DATA/CT-RATE/dataset/train_preprocessed/train_606/train_606a/train_606_a_1.nii.gz
train_607_a_1.nii.gz,/mnt/hwfile/medai/zhangxiaoman/DATA/CT-RATE/dataset/train_preprocessed/train_607/train_607a/train_607_a_1.nii.gz
train_608_a_1.nii.gz,/mnt/hwfile/medai/zhangxiaoman/DATA/CT-RATE/dataset/train_preprocessed/train_608/train_608a/train_608_a_1.nii.gz
train_609_a_1.nii.gz,/mnt/hwfile/medai/zhangxiaoman/DATA/CT-RATE/dataset/train_preprocessed/train_609/train_609a/train_609_a_1.nii.gz
train_60_a_1.nii.gz,/mnt/hwfile/medai/zhangxiaoman/DATA/CT-RATE/dataset/train_preprocessed/train_60/train_60a/train_60_a_1.nii.gz
train_60_b_1.nii.gz,/mnt/hwfile/medai/zhangxiaoman/DATA/CT-RATE/dataset/train_preprocessed/train_60/train_60b/train_60_b_1.nii.gz
train_60_c_1.nii.gz,/mnt/hwfile/medai/zhangxiaoman/DATA/CT-RATE/dataset/train_preprocessed/train_60/train_60c/train_60_c_1.nii.gz
train_60_d_1.nii.gz,/mnt/hwfile/medai/zhangxiaoman/DATA/CT-RATE/dataset/train_preprocessed/train_60/train_60d/train_60_d_1.nii.gz
train_60_e_1.nii.gz,/mnt/hwfile/medai/zhangxiaoman/DATA/CT-RATE/dataset/train_preprocessed/train_60/train_60e/train_60_e_1.nii.gz
train_610_a_1.nii.gz,/mnt/hwfile/medai/zhangxiaoman/DATA/CT-RATE/dataset/train_preprocessed/train_610/train_610a/train_610_a_1.nii.gz
train_611_a_1.nii.gz,/mnt/hwfile/medai/zhangxiaoman/DATA/CT-RATE/dataset/train_preprocessed/train_611/train_611a/train_611_a_1.nii.gz
train_612_a_1.nii.gz,/mnt/hwfile/medai/zhangxiaoman/DATA/CT-RATE/dataset/train_preprocessed/train_612/train_612a/train_612_a_1.nii.gz
train_613_a_1.nii.gz,/mnt/hwfile/medai/zhangxiaoman/DATA/CT-RATE/dataset/train_preprocessed/train_613/train_613a/train_613_a_1.nii.gz
train_614_a_1.nii.gz,/mnt/hwfile/medai/zhangxiaoman/DATA/CT-RATE/dataset/train_preprocessed/train_614/train_614a/train_614_a_1.nii.gz
train_615_a_1.nii.gz,/mnt/hwfile/medai/zhangxiaoman/DATA/CT-RATE/dataset/train_preprocessed/train_615/train_615a/train_615_a_1.nii.gz
train_616_a_1.nii.gz,/mnt/hwfile/medai/zhangxiaoman/DATA/CT-RATE/dataset/train_preprocessed/train_616/train_616a/train_616_a_1.nii.gz
train_617_a_1.nii.gz,/mnt/hwfile/medai/zhangxiaoman/DATA/CT-RATE/dataset/train_preprocessed/train_617/train_617a/train_617_a_1.nii.gz
train_618_a_1.nii.gz,/mnt/hwfile/medai/zhangxiaoman/DATA/CT-RATE/dataset/train_preprocessed/train_618/train_618a/train_618_a_1.nii.gz
train_619_a_1.nii.gz,/mnt/hwfile/medai/zhangxiaoman/DATA/CT-RATE/dataset/train_preprocessed/train_619/train_619a/train_619_a_1.nii.gz
train_61_a_1.nii.gz,/mnt/hwfile/medai/zhangxiaoman/DATA/CT-RATE/dataset/train_preprocessed/train_61/train_61a/train_61_a_1.nii.gz
train_61_b_1.nii.gz,/mnt/hwfile/medai/zhangxiaoman/DATA/CT-RATE/dataset/train_preprocessed/train_61/train_61b/train_61_b_1.nii.gz
train_61_c_1.nii.gz,/mnt/hwfile/medai/zhangxiaoman/DATA/CT-RATE/dataset/train_preprocessed/train_61/train_61c/train_61_c_1.nii.gz
train_61_d_1.nii.gz,/mnt/hwfile/medai/zhangxiaoman/DATA/CT-RATE/dataset/train_preprocessed/train_61/train_61d/train_61_d_1.nii.gz
train_620_a_1.nii.gz,/mnt/hwfile/medai/zhangxiaoman/DATA/CT-RATE/dataset/train_preprocessed/train_620/train_620a/train_620_a_1.nii.gz
train_621_a_1.nii.gz,/mnt/hwfile/medai/zhangxiaoman/DATA/CT-RATE/dataset/train_preprocessed/train_621/train_621a/train_621_a_1.nii.gz
train_622_a_1.nii.gz,/mnt/hwfile/medai/zhangxiaoman/DATA/CT-RATE/dataset/train_preprocessed/train_622/train_622a/train_622_a_1.nii.gz
train_623_a_1.nii.gz,/mnt/hwfile/medai/zhangxiaoman/DATA/CT-RATE/dataset/train_preprocessed/train_623/train_623a/train_623_a_1.nii.gz
train_623_b_1.nii.gz,/mnt/hwfile/medai/zhangxiaoman/DATA/CT-RATE/dataset/train_preprocessed/train_623/train_623b/train_623_b_1.nii.gz
train_624_a_1.nii.gz,/mnt/hwfile/medai/zhangxiaoman/DATA/CT-RATE/dataset/train_preprocessed/train_624/train_624a/train_624_a_1.nii.gz
train_625_a_1.nii.gz,/mnt/hwfile/medai/zhangxiaoman/DATA/CT-RATE/dataset/train_preprocessed/train_625/train_625a/train_625_a_1.nii.gz
train_626_a_1.nii.gz,/mnt/hwfile/medai/zhangxiaoman/DATA/CT-RATE/dataset/train_preprocessed/train_626/train_626a/train_626_a_1.nii.gz
train_627_a_1.nii.gz,/mnt/hwfile/medai/zhangxiaoman/DATA/CT-RATE/dataset/train_preprocessed/train_627/train_627a/train_627_a_1.nii.gz
train_628_a_1.nii.gz,/mnt/hwfile/medai/zhangxiaoman/DATA/CT-RATE/dataset/train_preprocessed/train_628/train_628a/train_628_a_1.nii.gz
train_629_a_1.nii.gz,/mnt/hwfile/medai/zhangxiaoman/DATA/CT-RATE/dataset/train_preprocessed/train_629/train_629a/train_629_a_1.nii.gz
train_62_a_1.nii.gz,/mnt/hwfile/medai/zhangxiaoman/DATA/CT-RATE/dataset/train_preprocessed/train_62/train_62a/train_62_a_1.nii.gz
train_630_a_1.nii.gz,/mnt/hwfile/medai/zhangxiaoman/DATA/CT-RATE/dataset/train_preprocessed/train_630/train_630a/train_630_a_1.nii.gz
train_631_a_1.nii.gz,/mnt/hwfile/medai/zhangxiaoman/DATA/CT-RATE/dataset/train_preprocessed/train_631/train_631a/train_631_a_1.nii.gz
train_632_a_1.nii.gz,/mnt/hwfile/medai/zhangxiaoman/DATA/CT-RATE/dataset/train_preprocessed/train_632/train_632a/train_632_a_1.nii.gz
train_633_a_1.nii.gz,/mnt/hwfile/medai/zhangxiaoman/DATA/CT-RATE/dataset/train_preprocessed/train_633/train_633a/train_633_a_1.nii.gz
train_634_a_1.nii.gz,/mnt/hwfile/medai/zhangxiaoman/DATA/CT-RATE/dataset/train_preprocessed/train_634/train_634a/train_634_a_1.nii.gz
train_635_a_1.nii.gz,/mnt/hwfile/medai/zhangxiaoman/DATA/CT-RATE/dataset/train_preprocessed/train_635/train_635a/train_635_a_1.nii.gz
train_636_a_1.nii.gz,/mnt/hwfile/medai/zhangxiaoman/DATA/CT-RATE/dataset/train_preprocessed/train_636/train_636a/train_636_a_1.nii.gz
train_636_b_1.nii.gz,/mnt/hwfile/medai/zhangxiaoman/DATA/CT-RATE/dataset/train_preprocessed/train_636/train_636b/train_636_b_1.nii.gz
train_636_c_1.nii.gz,/mnt/hwfile/medai/zhangxiaoman/DATA/CT-RATE/dataset/train_preprocessed/train_636/train_636c/train_636_c_1.nii.gz
train_637_a_1.nii.gz,/mnt/hwfile/medai/zhangxiaoman/DATA/CT-RATE/dataset/train_preprocessed/train_637/train_637a/train_637_a_1.nii.gz
train_637_b_1.nii.gz,/mnt/hwfile/medai/zhangxiaoman/DATA/CT-RATE/dataset/train_preprocessed/train_637/train_637b/train_637_b_1.nii.gz
train_637_c_1.nii.gz,/mnt/hwfile/medai/zhangxiaoman/DATA/CT-RATE/dataset/train_preprocessed/train_637/train_637c/train_637_c_1.nii.gz
train_637_d_1.nii.gz,/mnt/hwfile/medai/zhangxiaoman/DATA/CT-RATE/dataset/train_preprocessed/train_637/train_637d/train_637_d_1.nii.gz
train_638_a_1.nii.gz,/mnt/hwfile/medai/zhangxiaoman/DATA/CT-RATE/dataset/train_preprocessed/train_638/train_638a/train_638_a_1.nii.gz
train_639_a_1.nii.gz,/mnt/hwfile/medai/zhangxiaoman/DATA/CT-RATE/dataset/train_preprocessed/train_639/train_639a/train_639_a_1.nii.gz
train_63_a_1.nii.gz,/mnt/hwfile/medai/zhangxiaoman/DATA/CT-RATE/dataset/train_preprocessed/train_63/train_63a/train_63_a_1.nii.gz
train_640_a_1.nii.gz,/mnt/hwfile/medai/zhangxiaoman/DATA/CT-RATE/dataset/train_preprocessed/train_640/train_640a/train_640_a_1.nii.gz
train_640_b_1.nii.gz,/mnt/hwfile/medai/zhangxiaoman/DATA/CT-RATE/dataset/train_preprocessed/train_640/train_640b/train_640_b_1.nii.gz
train_641_a_1.nii.gz,/mnt/hwfile/medai/zhangxiaoman/DATA/CT-RATE/dataset/train_preprocessed/train_641/train_641a/train_641_a_1.nii.gz
train_642_a_1.nii.gz,/mnt/hwfile/medai/zhangxiaoman/DATA/CT-RATE/dataset/train_preprocessed/train_642/train_642a/train_642_a_1.nii.gz
train_643_a_1.nii.gz,/mnt/hwfile/medai/zhangxiaoman/DATA/CT-RATE/dataset/train_preprocessed/train_643/train_643a/train_643_a_1.nii.gz
train_644_a_1.nii.gz,/mnt/hwfile/medai/zhangxiaoman/DATA/CT-RATE/dataset/train_preprocessed/train_644/train_644a/train_644_a_1.nii.gz
train_644_b_1.nii.gz,/mnt/hwfile/medai/zhangxiaoman/DATA/CT-RATE/dataset/train_preprocessed/train_644/train_644b/train_644_b_1.nii.gz
train_644_c_1.nii.gz,/mnt/hwfile/medai/zhangxiaoman/DATA/CT-RATE/dataset/train_preprocessed/train_644/train_644c/train_644_c_1.nii.gz
train_644_d_1.nii.gz,/mnt/hwfile/medai/zhangxiaoman/DATA/CT-RATE/dataset/train_preprocessed/train_644/train_644d/train_644_d_1.nii.gz
train_644_e_1.nii.gz,/mnt/hwfile/medai/zhangxiaoman/DATA/CT-RATE/dataset/train_preprocessed/train_644/train_644e/train_644_e_1.nii.gz
train_645_a_1.nii.gz,/mnt/hwfile/medai/zhangxiaoman/DATA/CT-RATE/dataset/train_preprocessed/train_645/train_645a/train_645_a_1.nii.gz
train_646_a_1.nii.gz,/mnt/hwfile/medai/zhangxiaoman/DATA/CT-RATE/dataset/train_preprocessed/train_646/train_646a/train_646_a_1.nii.gz
train_647_a_1.nii.gz,/mnt/hwfile/medai/zhangxiaoman/DATA/CT-RATE/dataset/train_preprocessed/train_647/train_647a/train_647_a_1.nii.gz
train_648_a_1.nii.gz,/mnt/hwfile/medai/zhangxiaoman/DATA/CT-RATE/dataset/train_preprocessed/train_648/train_648a/train_648_a_1.nii.gz
train_649_a_1.nii.gz,/mnt/hwfile/medai/zhangxiaoman/DATA/CT-RATE/dataset/train_preprocessed/train_649/train_649a/train_649_a_1.nii.gz
train_64_a_1.nii.gz,/mnt/hwfile/medai/zhangxiaoman/DATA/CT-RATE/dataset/train_preprocessed/train_64/train_64a/train_64_a_1.nii.gz
train_650_a_1.nii.gz,/mnt/hwfile/medai/zhangxiaoman/DATA/CT-RATE/dataset/train_preprocessed/train_650/train_650a/train_650_a_1.nii.gz
train_651_a_1.nii.gz,/mnt/hwfile/medai/zhangxiaoman/DATA/CT-RATE/dataset/train_preprocessed/train_651/train_651a/train_651_a_1.nii.gz
train_652_a_1.nii.gz,/mnt/hwfile/medai/zhangxiaoman/DATA/CT-RATE/dataset/train_preprocessed/train_652/train_652a/train_652_a_1.nii.gz
train_653_a_1.nii.gz,/mnt/hwfile/medai/zhangxiaoman/DATA/CT-RATE/dataset/train_preprocessed/train_653/train_653a/train_653_a_1.nii.gz
train_654_a_1.nii.gz,/mnt/hwfile/medai/zhangxiaoman/DATA/CT-RATE/dataset/train_preprocessed/train_654/train_654a/train_654_a_1.nii.gz
train_655_a_1.nii.gz,/mnt/hwfile/medai/zhangxiaoman/DATA/CT-RATE/dataset/train_preprocessed/train_655/train_655a/train_655_a_1.nii.gz
train_656_a_1.nii.gz,/mnt/hwfile/medai/zhangxiaoman/DATA/CT-RATE/dataset/train_preprocessed/train_656/train_656a/train_656_a_1.nii.gz
train_657_a_1.nii.gz,/mnt/hwfile/medai/zhangxiaoman/DATA/CT-RATE/dataset/train_preprocessed/train_657/train_657a/train_657_a_1.nii.gz
train_658_a_1.nii.gz,/mnt/hwfile/medai/zhangxiaoman/DATA/CT-RATE/dataset/train_preprocessed/train_658/train_658a/train_658_a_1.nii.gz
train_659_a_1.nii.gz,/mnt/hwfile/medai/zhangxiaoman/DATA/CT-RATE/dataset/train_preprocessed/train_659/train_659a/train_659_a_1.nii.gz
train_65_a_1.nii.gz,/mnt/hwfile/medai/zhangxiaoman/DATA/CT-RATE/dataset/train_preprocessed/train_65/train_65a/train_65_a_1.nii.gz
train_660_a_1.nii.gz,/mnt/hwfile/medai/zhangxiaoman/DATA/CT-RATE/dataset/train_preprocessed/train_660/train_660a/train_660_a_1.nii.gz
train_660_b_1.nii.gz,/mnt/hwfile/medai/zhangxiaoman/DATA/CT-RATE/dataset/train_preprocessed/train_660/train_660b/train_660_b_1.nii.gz
train_661_a_1.nii.gz,/mnt/hwfile/medai/zhangxiaoman/DATA/CT-RATE/dataset/train_preprocessed/train_661/train_661a/train_661_a_1.nii.gz
train_662_a_1.nii.gz,/mnt/hwfile/medai/zhangxiaoman/DATA/CT-RATE/dataset/train_preprocessed/train_662/train_662a/train_662_a_1.nii.gz
train_662_b_1.nii.gz,/mnt/hwfile/medai/zhangxiaoman/DATA/CT-RATE/dataset/train_preprocessed/train_662/train_662b/train_662_b_1.nii.gz
train_662_c_1.nii.gz,/mnt/hwfile/medai/zhangxiaoman/DATA/CT-RATE/dataset/train_preprocessed/train_662/train_662c/train_662_c_1.nii.gz
train_663_a_1.nii.gz,/mnt/hwfile/medai/zhangxiaoman/DATA/CT-RATE/dataset/train_preprocessed/train_663/train_663a/train_663_a_1.nii.gz
train_664_a_1.nii.gz,/mnt/hwfile/medai/zhangxiaoman/DATA/CT-RATE/dataset/train_preprocessed/train_664/train_664a/train_664_a_1.nii.gz
train_665_a_1.nii.gz,/mnt/hwfile/medai/zhangxiaoman/DATA/CT-RATE/dataset/train_preprocessed/train_665/train_665a/train_665_a_1.nii.gz
train_666_a_1.nii.gz,/mnt/hwfile/medai/zhangxiaoman/DATA/CT-RATE/dataset/train_preprocessed/train_666/train_666a/train_666_a_1.nii.gz
train_667_a_1.nii.gz,/mnt/hwfile/medai/zhangxiaoman/DATA/CT-RATE/dataset/train_preprocessed/train_667/train_667a/train_667_a_1.nii.gz
train_668_a_1.nii.gz,/mnt/hwfile/medai/zhangxiaoman/DATA/CT-RATE/dataset/train_preprocessed/train_668/train_668a/train_668_a_1.nii.gz
train_668_b_1.nii.gz,/mnt/hwfile/medai/zhangxiaoman/DATA/CT-RATE/dataset/train_preprocessed/train_668/train_668b/train_668_b_1.nii.gz
train_669_a_1.nii.gz,/mnt/hwfile/medai/zhangxiaoman/DATA/CT-RATE/dataset/train_preprocessed/train_669/train_669a/train_669_a_1.nii.gz
train_66_a_1.nii.gz,/mnt/hwfile/medai/zhangxiaoman/DATA/CT-RATE/dataset/train_preprocessed/train_66/train_66a/train_66_a_1.nii.gz
train_670_a_1.nii.gz,/mnt/hwfile/medai/zhangxiaoman/DATA/CT-RATE/dataset/train_preprocessed/train_670/train_670a/train_670_a_1.nii.gz
train_670_b_1.nii.gz,/mnt/hwfile/medai/zhangxiaoman/DATA/CT-RATE/dataset/train_preprocessed/train_670/train_670b/train_670_b_1.nii.gz
train_671_a_1.nii.gz,/mnt/hwfile/medai/zhangxiaoman/DATA/CT-RATE/dataset/train_preprocessed/train_671/train_671a/train_671_a_1.nii.gz
train_672_a_1.nii.gz,/mnt/hwfile/medai/zhangxiaoman/DATA/CT-RATE/dataset/train_preprocessed/train_672/train_672a/train_672_a_1.nii.gz
train_673_a_1.nii.gz,/mnt/hwfile/medai/zhangxiaoman/DATA/CT-RATE/dataset/train_preprocessed/train_673/train_673a/train_673_a_1.nii.gz
train_674_a_1.nii.gz,/mnt/hwfile/medai/zhangxiaoman/DATA/CT-RATE/dataset/train_preprocessed/train_674/train_674a/train_674_a_1.nii.gz
train_675_a_1.nii.gz,/mnt/hwfile/medai/zhangxiaoman/DATA/CT-RATE/dataset/train_preprocessed/train_675/train_675a/train_675_a_1.nii.gz
train_676_a_1.nii.gz,/mnt/hwfile/medai/zhangxiaoman/DATA/CT-RATE/dataset/train_preprocessed/train_676/train_676a/train_676_a_1.nii.gz
train_677_a_1.nii.gz,/mnt/hwfile/medai/zhangxiaoman/DATA/CT-RATE/dataset/train_preprocessed/train_677/train_677a/train_677_a_1.nii.gz
train_678_a_1.nii.gz,/mnt/hwfile/medai/zhangxiaoman/DATA/CT-RATE/dataset/train_preprocessed/train_678/train_678a/train_678_a_1.nii.gz
train_679_a_1.nii.gz,/mnt/hwfile/medai/zhangxiaoman/DATA/CT-RATE/dataset/train_preprocessed/train_679/train_679a/train_679_a_1.nii.gz
train_67_a_1.nii.gz,/mnt/hwfile/medai/zhangxiaoman/DATA/CT-RATE/dataset/train_preprocessed/train_67/train_67a/train_67_a_1.nii.gz
train_680_a_1.nii.gz,/mnt/hwfile/medai/zhangxiaoman/DATA/CT-RATE/dataset/train_preprocessed/train_680/train_680a/train_680_a_1.nii.gz
train_681_a_1.nii.gz,/mnt/hwfile/medai/zhangxiaoman/DATA/CT-RATE/dataset/train_preprocessed/train_681/train_681a/train_681_a_1.nii.gz
train_682_a_1.nii.gz,/mnt/hwfile/medai/zhangxiaoman/DATA/CT-RATE/dataset/train_preprocessed/train_682/train_682a/train_682_a_1.nii.gz
train_683_a_1.nii.gz,/mnt/hwfile/medai/zhangxiaoman/DATA/CT-RATE/dataset/train_preprocessed/train_683/train_683a/train_683_a_1.nii.gz
train_683_b_1.nii.gz,/mnt/hwfile/medai/zhangxiaoman/DATA/CT-RATE/dataset/train_preprocessed/train_683/train_683b/train_683_b_1.nii.gz
train_684_a_1.nii.gz,/mnt/hwfile/medai/zhangxiaoman/DATA/CT-RATE/dataset/train_preprocessed/train_684/train_684a/train_684_a_1.nii.gz
train_685_a_1.nii.gz,/mnt/hwfile/medai/zhangxiaoman/DATA/CT-RATE/dataset/train_preprocessed/train_685/train_685a/train_685_a_1.nii.gz
train_686_a_1.nii.gz,/mnt/hwfile/medai/zhangxiaoman/DATA/CT-RATE/dataset/train_preprocessed/train_686/train_686a/train_686_a_1.nii.gz
train_687_a_1.nii.gz,/mnt/hwfile/medai/zhangxiaoman/DATA/CT-RATE/dataset/train_preprocessed/train_687/train_687a/train_687_a_1.nii.gz
train_688_a_1.nii.gz,/mnt/hwfile/medai/zhangxiaoman/DATA/CT-RATE/dataset/train_preprocessed/train_688/train_688a/train_688_a_1.nii.gz
train_689_a_1.nii.gz,/mnt/hwfile/medai/zhangxiaoman/DATA/CT-RATE/dataset/train_preprocessed/train_689/train_689a/train_689_a_1.nii.gz
train_68_a_1.nii.gz,/mnt/hwfile/medai/zhangxiaoman/DATA/CT-RATE/dataset/train_preprocessed/train_68/train_68a/train_68_a_1.nii.gz
train_690_a_1.nii.gz,/mnt/hwfile/medai/zhangxiaoman/DATA/CT-RATE/dataset/train_preprocessed/train_690/train_690a/train_690_a_1.nii.gz
train_691_a_1.nii.gz,/mnt/hwfile/medai/zhangxiaoman/DATA/CT-RATE/dataset/train_preprocessed/train_691/train_691a/train_691_a_1.nii.gz
train_692_a_1.nii.gz,/mnt/hwfile/medai/zhangxiaoman/DATA/CT-RATE/dataset/train_preprocessed/train_692/train_692a/train_692_a_1.nii.gz
train_693_a_1.nii.gz,/mnt/hwfile/medai/zhangxiaoman/DATA/CT-RATE/dataset/train_preprocessed/train_693/train_693a/train_693_a_1.nii.gz
train_694_a_1.nii.gz,/mnt/hwfile/medai/zhangxiaoman/DATA/CT-RATE/dataset/train_preprocessed/train_694/train_694a/train_694_a_1.nii.gz
train_695_a_1.nii.gz,/mnt/hwfile/medai/zhangxiaoman/DATA/CT-RATE/dataset/train_preprocessed/train_695/train_695a/train_695_a_1.nii.gz
train_696_a_1.nii.gz,/mnt/hwfile/medai/zhangxiaoman/DATA/CT-RATE/dataset/train_preprocessed/train_696/train_696a/train_696_a_1.nii.gz
train_697_a_1.nii.gz,/mnt/hwfile/medai/zhangxiaoman/DATA/CT-RATE/dataset/train_preprocessed/train_697/train_697a/train_697_a_1.nii.gz
train_698_a_1.nii.gz,/mnt/hwfile/medai/zhangxiaoman/DATA/CT-RATE/dataset/train_preprocessed/train_698/train_698a/train_698_a_1.nii.gz
train_699_a_1.nii.gz,/mnt/hwfile/medai/zhangxiaoman/DATA/CT-RATE/dataset/train_preprocessed/train_699/train_699a/train_699_a_1.nii.gz
train_69_a_1.nii.gz,/mnt/hwfile/medai/zhangxiaoman/DATA/CT-RATE/dataset/train_preprocessed/train_69/train_69a/train_69_a_1.nii.gz
train_6_a_1.nii.gz,/mnt/hwfile/medai/zhangxiaoman/DATA/CT-RATE/dataset/train_preprocessed/train_6/train_6a/train_6_a_1.nii.gz
train_6_b_1.nii.gz,/mnt/hwfile/medai/zhangxiaoman/DATA/CT-RATE/dataset/train_preprocessed/train_6/train_6b/train_6_b_1.nii.gz
train_700_a_1.nii.gz,/mnt/hwfile/medai/zhangxiaoman/DATA/CT-RATE/dataset/train_preprocessed/train_700/train_700a/train_700_a_1.nii.gz
train_701_a_1.nii.gz,/mnt/hwfile/medai/zhangxiaoman/DATA/CT-RATE/dataset/train_preprocessed/train_701/train_701a/train_701_a_1.nii.gz
train_702_a_1.nii.gz,/mnt/hwfile/medai/zhangxiaoman/DATA/CT-RATE/dataset/train_preprocessed/train_702/train_702a/train_702_a_1.nii.gz
train_703_a_1.nii.gz,/mnt/hwfile/medai/zhangxiaoman/DATA/CT-RATE/dataset/train_preprocessed/train_703/train_703a/train_703_a_1.nii.gz
train_703_b_1.nii.gz,/mnt/hwfile/medai/zhangxiaoman/DATA/CT-RATE/dataset/train_preprocessed/train_703/train_703b/train_703_b_1.nii.gz
train_704_a_1.nii.gz,/mnt/hwfile/medai/zhangxiaoman/DATA/CT-RATE/dataset/train_preprocessed/train_704/train_704a/train_704_a_1.nii.gz
train_705_a_1.nii.gz,/mnt/hwfile/medai/zhangxiaoman/DATA/CT-RATE/dataset/train_preprocessed/train_705/train_705a/train_705_a_1.nii.gz
train_706_a_1.nii.gz,/mnt/hwfile/medai/zhangxiaoman/DATA/CT-RATE/dataset/train_preprocessed/train_706/train_706a/train_706_a_1.nii.gz
train_707_a_1.nii.gz,/mnt/hwfile/medai/zhangxiaoman/DATA/CT-RATE/dataset/train_preprocessed/train_707/train_707a/train_707_a_1.nii.gz
train_708_a_1.nii.gz,/mnt/hwfile/medai/zhangxiaoman/DATA/CT-RATE/dataset/train_preprocessed/train_708/train_708a/train_708_a_1.nii.gz
train_709_a_1.nii.gz,/mnt/hwfile/medai/zhangxiaoman/DATA/CT-RATE/dataset/train_preprocessed/train_709/train_709a/train_709_a_1.nii.gz
train_70_a_1.nii.gz,/mnt/hwfile/medai/zhangxiaoman/DATA/CT-RATE/dataset/train_preprocessed/train_70/train_70a/train_70_a_1.nii.gz
train_710_a_1.nii.gz,/mnt/hwfile/medai/zhangxiaoman/DATA/CT-RATE/dataset/train_preprocessed/train_710/train_710a/train_710_a_1.nii.gz
train_711_a_1.nii.gz,/mnt/hwfile/medai/zhangxiaoman/DATA/CT-RATE/dataset/train_preprocessed/train_711/train_711a/train_711_a_1.nii.gz
train_712_a_1.nii.gz,/mnt/hwfile/medai/zhangxiaoman/DATA/CT-RATE/dataset/train_preprocessed/train_712/train_712a/train_712_a_1.nii.gz
train_713_a_1.nii.gz,/mnt/hwfile/medai/zhangxiaoman/DATA/CT-RATE/dataset/train_preprocessed/train_713/train_713a/train_713_a_1.nii.gz
train_714_a_1.nii.gz,/mnt/hwfile/medai/zhangxiaoman/DATA/CT-RATE/dataset/train_preprocessed/train_714/train_714a/train_714_a_1.nii.gz
train_715_a_1.nii.gz,/mnt/hwfile/medai/zhangxiaoman/DATA/CT-RATE/dataset/train_preprocessed/train_715/train_715a/train_715_a_1.nii.gz
train_716_a_1.nii.gz,/mnt/hwfile/medai/zhangxiaoman/DATA/CT-RATE/dataset/train_preprocessed/train_716/train_716a/train_716_a_1.nii.gz
train_717_a_1.nii.gz,/mnt/hwfile/medai/zhangxiaoman/DATA/CT-RATE/dataset/train_preprocessed/train_717/train_717a/train_717_a_1.nii.gz
train_718_a_1.nii.gz,/mnt/hwfile/medai/zhangxiaoman/DATA/CT-RATE/dataset/train_preprocessed/train_718/train_718a/train_718_a_1.nii.gz
train_719_a_1.nii.gz,/mnt/hwfile/medai/zhangxiaoman/DATA/CT-RATE/dataset/train_preprocessed/train_719/train_719a/train_719_a_1.nii.gz
train_71_a_1.nii.gz,/mnt/hwfile/medai/zhangxiaoman/DATA/CT-RATE/dataset/train_preprocessed/train_71/train_71a/train_71_a_1.nii.gz
train_720_a_1.nii.gz,/mnt/hwfile/medai/zhangxiaoman/DATA/CT-RATE/dataset/train_preprocessed/train_720/train_720a/train_720_a_1.nii.gz
train_721_a_1.nii.gz,/mnt/hwfile/medai/zhangxiaoman/DATA/CT-RATE/dataset/train_preprocessed/train_721/train_721a/train_721_a_1.nii.gz
train_722_a_1.nii.gz,/mnt/hwfile/medai/zhangxiaoman/DATA/CT-RATE/dataset/train_preprocessed/train_722/train_722a/train_722_a_1.nii.gz
train_723_a_1.nii.gz,/mnt/hwfile/medai/zhangxiaoman/DATA/CT-RATE/dataset/train_preprocessed/train_723/train_723a/train_723_a_1.nii.gz
train_724_a_1.nii.gz,/mnt/hwfile/medai/zhangxiaoman/DATA/CT-RATE/dataset/train_preprocessed/train_724/train_724a/train_724_a_1.nii.gz
train_725_a_1.nii.gz,/mnt/hwfile/medai/zhangxiaoman/DATA/CT-RATE/dataset/train_preprocessed/train_725/train_725a/train_725_a_1.nii.gz
train_726_a_1.nii.gz,/mnt/hwfile/medai/zhangxiaoman/DATA/CT-RATE/dataset/train_preprocessed/train_726/train_726a/train_726_a_1.nii.gz
train_727_a_1.nii.gz,/mnt/hwfile/medai/zhangxiaoman/DATA/CT-RATE/dataset/train_preprocessed/train_727/train_727a/train_727_a_1.nii.gz
train_728_a_1.nii.gz,/mnt/hwfile/medai/zhangxiaoman/DATA/CT-RATE/dataset/train_preprocessed/train_728/train_728a/train_728_a_1.nii.gz
train_729_a_1.nii.gz,/mnt/hwfile/medai/zhangxiaoman/DATA/CT-RATE/dataset/train_preprocessed/train_729/train_729a/train_729_a_1.nii.gz
train_72_a_1.nii.gz,/mnt/hwfile/medai/zhangxiaoman/DATA/CT-RATE/dataset/train_preprocessed/train_72/train_72a/train_72_a_1.nii.gz
train_730_a_1.nii.gz,/mnt/hwfile/medai/zhangxiaoman/DATA/CT-RATE/dataset/train_preprocessed/train_730/train_730a/train_730_a_1.nii.gz
train_731_a_1.nii.gz,/mnt/hwfile/medai/zhangxiaoman/DATA/CT-RATE/dataset/train_preprocessed/train_731/train_731a/train_731_a_1.nii.gz
train_732_a_1.nii.gz,/mnt/hwfile/medai/zhangxiaoman/DATA/CT-RATE/dataset/train_preprocessed/train_732/train_732a/train_732_a_1.nii.gz
train_733_a_1.nii.gz,/mnt/hwfile/medai/zhangxiaoman/DATA/CT-RATE/dataset/train_preprocessed/train_733/train_733a/train_733_a_1.nii.gz
train_733_b_1.nii.gz,/mnt/hwfile/medai/zhangxiaoman/DATA/CT-RATE/dataset/train_preprocessed/train_733/train_733b/train_733_b_1.nii.gz
train_733_c_1.nii.gz,/mnt/hwfile/medai/zhangxiaoman/DATA/CT-RATE/dataset/train_preprocessed/train_733/train_733c/train_733_c_1.nii.gz
train_733_d_1.nii.gz,/mnt/hwfile/medai/zhangxiaoman/DATA/CT-RATE/dataset/train_preprocessed/train_733/train_733d/train_733_d_1.nii.gz
train_734_a_1.nii.gz,/mnt/hwfile/medai/zhangxiaoman/DATA/CT-RATE/dataset/train_preprocessed/train_734/train_734a/train_734_a_1.nii.gz
train_735_a_1.nii.gz,/mnt/hwfile/medai/zhangxiaoman/DATA/CT-RATE/dataset/train_preprocessed/train_735/train_735a/train_735_a_1.nii.gz
train_736_a_1.nii.gz,/mnt/hwfile/medai/zhangxiaoman/DATA/CT-RATE/dataset/train_preprocessed/train_736/train_736a/train_736_a_1.nii.gz
train_737_a_1.nii.gz,/mnt/hwfile/medai/zhangxiaoman/DATA/CT-RATE/dataset/train_preprocessed/train_737/train_737a/train_737_a_1.nii.gz
train_738_a_1.nii.gz,/mnt/hwfile/medai/zhangxiaoman/DATA/CT-RATE/dataset/train_preprocessed/train_738/train_738a/train_738_a_1.nii.gz
train_739_a_1.nii.gz,/mnt/hwfile/medai/zhangxiaoman/DATA/CT-RATE/dataset/train_preprocessed/train_739/train_739a/train_739_a_1.nii.gz
train_73_a_1.nii.gz,/mnt/hwfile/medai/zhangxiaoman/DATA/CT-RATE/dataset/train_preprocessed/train_73/train_73a/train_73_a_1.nii.gz
train_740_a_1.nii.gz,/mnt/hwfile/medai/zhangxiaoman/DATA/CT-RATE/dataset/train_preprocessed/train_740/train_740a/train_740_a_1.nii.gz
train_741_a_1.nii.gz,/mnt/hwfile/medai/zhangxiaoman/DATA/CT-RATE/dataset/train_preprocessed/train_741/train_741a/train_741_a_1.nii.gz
train_742_a_1.nii.gz,/mnt/hwfile/medai/zhangxiaoman/DATA/CT-RATE/dataset/train_preprocessed/train_742/train_742a/train_742_a_1.nii.gz
train_743_a_1.nii.gz,/mnt/hwfile/medai/zhangxiaoman/DATA/CT-RATE/dataset/train_preprocessed/train_743/train_743a/train_743_a_1.nii.gz
train_744_a_1.nii.gz,/mnt/hwfile/medai/zhangxiaoman/DATA/CT-RATE/dataset/train_preprocessed/train_744/train_744a/train_744_a_1.nii.gz
train_745_a_1.nii.gz,/mnt/hwfile/medai/zhangxiaoman/DATA/CT-RATE/dataset/train_preprocessed/train_745/train_745a/train_745_a_1.nii.gz
train_746_a_1.nii.gz,/mnt/hwfile/medai/zhangxiaoman/DATA/CT-RATE/dataset/train_preprocessed/train_746/train_746a/train_746_a_1.nii.gz
train_747_a_1.nii.gz,/mnt/hwfile/medai/zhangxiaoman/DATA/CT-RATE/dataset/train_preprocessed/train_747/train_747a/train_747_a_1.nii.gz
train_747_b_1.nii.gz,/mnt/hwfile/medai/zhangxiaoman/DATA/CT-RATE/dataset/train_preprocessed/train_747/train_747b/train_747_b_1.nii.gz
train_748_a_1.nii.gz,/mnt/hwfile/medai/zhangxiaoman/DATA/CT-RATE/dataset/train_preprocessed/train_748/train_748a/train_748_a_1.nii.gz
train_749_a_1.nii.gz,/mnt/hwfile/medai/zhangxiaoman/DATA/CT-RATE/dataset/train_preprocessed/train_749/train_749a/train_749_a_1.nii.gz
train_74_a_1.nii.gz,/mnt/hwfile/medai/zhangxiaoman/DATA/CT-RATE/dataset/train_preprocessed/train_74/train_74a/train_74_a_1.nii.gz
train_750_a_1.nii.gz,/mnt/hwfile/medai/zhangxiaoman/DATA/CT-RATE/dataset/train_preprocessed/train_750/train_750a/train_750_a_1.nii.gz
train_751_a_1.nii.gz,/mnt/hwfile/medai/zhangxiaoman/DATA/CT-RATE/dataset/train_preprocessed/train_751/train_751a/train_751_a_1.nii.gz
train_752_a_1.nii.gz,/mnt/hwfile/medai/zhangxiaoman/DATA/CT-RATE/dataset/train_preprocessed/train_752/train_752a/train_752_a_1.nii.gz
train_753_a_1.nii.gz,/mnt/hwfile/medai/zhangxiaoman/DATA/CT-RATE/dataset/train_preprocessed/train_753/train_753a/train_753_a_1.nii.gz
train_754_a_1.nii.gz,/mnt/hwfile/medai/zhangxiaoman/DATA/CT-RATE/dataset/train_preprocessed/train_754/train_754a/train_754_a_1.nii.gz
train_755_a_1.nii.gz,/mnt/hwfile/medai/zhangxiaoman/DATA/CT-RATE/dataset/train_preprocessed/train_755/train_755a/train_755_a_1.nii.gz
train_756_a_1.nii.gz,/mnt/hwfile/medai/zhangxiaoman/DATA/CT-RATE/dataset/train_preprocessed/train_756/train_756a/train_756_a_1.nii.gz
train_757_a_1.nii.gz,/mnt/hwfile/medai/zhangxiaoman/DATA/CT-RATE/dataset/train_preprocessed/train_757/train_757a/train_757_a_1.nii.gz
train_758_a_1.nii.gz,/mnt/hwfile/medai/zhangxiaoman/DATA/CT-RATE/dataset/train_preprocessed/train_758/train_758a/train_758_a_1.nii.gz
train_759_a_1.nii.gz,/mnt/hwfile/medai/zhangxiaoman/DATA/CT-RATE/dataset/train_preprocessed/train_759/train_759a/train_759_a_1.nii.gz
train_75_a_1.nii.gz,/mnt/hwfile/medai/zhangxiaoman/DATA/CT-RATE/dataset/train_preprocessed/train_75/train_75a/train_75_a_1.nii.gz
train_760_a_1.nii.gz,/mnt/hwfile/medai/zhangxiaoman/DATA/CT-RATE/dataset/train_preprocessed/train_760/train_760a/train_760_a_1.nii.gz
train_760_b_1.nii.gz,/mnt/hwfile/medai/zhangxiaoman/DATA/CT-RATE/dataset/train_preprocessed/train_760/train_760b/train_760_b_1.nii.gz
train_761_a_1.nii.gz,/mnt/hwfile/medai/zhangxiaoman/DATA/CT-RATE/dataset/train_preprocessed/train_761/train_761a/train_761_a_1.nii.gz
train_762_a_1.nii.gz,/mnt/hwfile/medai/zhangxiaoman/DATA/CT-RATE/dataset/train_preprocessed/train_762/train_762a/train_762_a_1.nii.gz
train_763_a_1.nii.gz,/mnt/hwfile/medai/zhangxiaoman/DATA/CT-RATE/dataset/train_preprocessed/train_763/train_763a/train_763_a_1.nii.gz
train_764_a_1.nii.gz,/mnt/hwfile/medai/zhangxiaoman/DATA/CT-RATE/dataset/train_preprocessed/train_764/train_764a/train_764_a_1.nii.gz
train_765_a_1.nii.gz,/mnt/hwfile/medai/zhangxiaoman/DATA/CT-RATE/dataset/train_preprocessed/train_765/train_765a/train_765_a_1.nii.gz
train_766_a_1.nii.gz,/mnt/hwfile/medai/zhangxiaoman/DATA/CT-RATE/dataset/train_preprocessed/train_766/train_766a/train_766_a_1.nii.gz
train_767_a_1.nii.gz,/mnt/hwfile/medai/zhangxiaoman/DATA/CT-RATE/dataset/train_preprocessed/train_767/train_767a/train_767_a_1.nii.gz
train_767_b_1.nii.gz,/mnt/hwfile/medai/zhangxiaoman/DATA/CT-RATE/dataset/train_preprocessed/train_767/train_767b/train_767_b_1.nii.gz
train_768_a_1.nii.gz,/mnt/hwfile/medai/zhangxiaoman/DATA/CT-RATE/dataset/train_preprocessed/train_768/train_768a/train_768_a_1.nii.gz
train_768_b_1.nii.gz,/mnt/hwfile/medai/zhangxiaoman/DATA/CT-RATE/dataset/train_preprocessed/train_768/train_768b/train_768_b_1.nii.gz
train_769_a_1.nii.gz,/mnt/hwfile/medai/zhangxiaoman/DATA/CT-RATE/dataset/train_preprocessed/train_769/train_769a/train_769_a_1.nii.gz
train_76_a_1.nii.gz,/mnt/hwfile/medai/zhangxiaoman/DATA/CT-RATE/dataset/train_preprocessed/train_76/train_76a/train_76_a_1.nii.gz
train_770_a_1.nii.gz,/mnt/hwfile/medai/zhangxiaoman/DATA/CT-RATE/dataset/train_preprocessed/train_770/train_770a/train_770_a_1.nii.gz
train_771_a_1.nii.gz,/mnt/hwfile/medai/zhangxiaoman/DATA/CT-RATE/dataset/train_preprocessed/train_771/train_771a/train_771_a_1.nii.gz
train_772_a_1.nii.gz,/mnt/hwfile/medai/zhangxiaoman/DATA/CT-RATE/dataset/train_preprocessed/train_772/train_772a/train_772_a_1.nii.gz
train_773_a_1.nii.gz,/mnt/hwfile/medai/zhangxiaoman/DATA/CT-RATE/dataset/train_preprocessed/train_773/train_773a/train_773_a_1.nii.gz
train_774_a_1.nii.gz,/mnt/hwfile/medai/zhangxiaoman/DATA/CT-RATE/dataset/train_preprocessed/train_774/train_774a/train_774_a_1.nii.gz
train_775_a_1.nii.gz,/mnt/hwfile/medai/zhangxiaoman/DATA/CT-RATE/dataset/train_preprocessed/train_775/train_775a/train_775_a_1.nii.gz
train_776_a_1.nii.gz,/mnt/hwfile/medai/zhangxiaoman/DATA/CT-RATE/dataset/train_preprocessed/train_776/train_776a/train_776_a_1.nii.gz
train_777_a_1.nii.gz,/mnt/hwfile/medai/zhangxiaoman/DATA/CT-RATE/dataset/train_preprocessed/train_777/train_777a/train_777_a_1.nii.gz
train_778_a_1.nii.gz,/mnt/hwfile/medai/zhangxiaoman/DATA/CT-RATE/dataset/train_preprocessed/train_778/train_778a/train_778_a_1.nii.gz
train_779_a_1.nii.gz,/mnt/hwfile/medai/zhangxiaoman/DATA/CT-RATE/dataset/train_preprocessed/train_779/train_779a/train_779_a_1.nii.gz
train_77_a_1.nii.gz,/mnt/hwfile/medai/zhangxiaoman/DATA/CT-RATE/dataset/train_preprocessed/train_77/train_77a/train_77_a_1.nii.gz
train_780_a_1.nii.gz,/mnt/hwfile/medai/zhangxiaoman/DATA/CT-RATE/dataset/train_preprocessed/train_780/train_780a/train_780_a_1.nii.gz
train_781_a_1.nii.gz,/mnt/hwfile/medai/zhangxiaoman/DATA/CT-RATE/dataset/train_preprocessed/train_781/train_781a/train_781_a_1.nii.gz
train_782_a_1.nii.gz,/mnt/hwfile/medai/zhangxiaoman/DATA/CT-RATE/dataset/train_preprocessed/train_782/train_782a/train_782_a_1.nii.gz
train_783_a_1.nii.gz,/mnt/hwfile/medai/zhangxiaoman/DATA/CT-RATE/dataset/train_preprocessed/train_783/train_783a/train_783_a_1.nii.gz
train_784_a_1.nii.gz,/mnt/hwfile/medai/zhangxiaoman/DATA/CT-RATE/dataset/train_preprocessed/train_784/train_784a/train_784_a_1.nii.gz
train_784_b_1.nii.gz,/mnt/hwfile/medai/zhangxiaoman/DATA/CT-RATE/dataset/train_preprocessed/train_784/train_784b/train_784_b_1.nii.gz
train_784_c_1.nii.gz,/mnt/hwfile/medai/zhangxiaoman/DATA/CT-RATE/dataset/train_preprocessed/train_784/train_784c/train_784_c_1.nii.gz
train_784_d_1.nii.gz,/mnt/hwfile/medai/zhangxiaoman/DATA/CT-RATE/dataset/train_preprocessed/train_784/train_784d/train_784_d_1.nii.gz
train_784_e_1.nii.gz,/mnt/hwfile/medai/zhangxiaoman/DATA/CT-RATE/dataset/train_preprocessed/train_784/train_784e/train_784_e_1.nii.gz
train_784_f_1.nii.gz,/mnt/hwfile/medai/zhangxiaoman/DATA/CT-RATE/dataset/train_preprocessed/train_784/train_784f/train_784_f_1.nii.gz
train_784_g_1.nii.gz,/mnt/hwfile/medai/zhangxiaoman/DATA/CT-RATE/dataset/train_preprocessed/train_784/train_784g/train_784_g_1.nii.gz
train_784_h_1.nii.gz,/mnt/hwfile/medai/zhangxiaoman/DATA/CT-RATE/dataset/train_preprocessed/train_784/train_784h/train_784_h_1.nii.gz
train_784_i_1.nii.gz,/mnt/hwfile/medai/zhangxiaoman/DATA/CT-RATE/dataset/train_preprocessed/train_784/train_784i/train_784_i_1.nii.gz
train_785_a_1.nii.gz,/mnt/hwfile/medai/zhangxiaoman/DATA/CT-RATE/dataset/train_preprocessed/train_785/train_785a/train_785_a_1.nii.gz
train_786_a_1.nii.gz,/mnt/hwfile/medai/zhangxiaoman/DATA/CT-RATE/dataset/train_preprocessed/train_786/train_786a/train_786_a_1.nii.gz
train_787_a_1.nii.gz,/mnt/hwfile/medai/zhangxiaoman/DATA/CT-RATE/dataset/train_preprocessed/train_787/train_787a/train_787_a_1.nii.gz
train_788_a_1.nii.gz,/mnt/hwfile/medai/zhangxiaoman/DATA/CT-RATE/dataset/train_preprocessed/train_788/train_788a/train_788_a_1.nii.gz
train_789_a_1.nii.gz,/mnt/hwfile/medai/zhangxiaoman/DATA/CT-RATE/dataset/train_preprocessed/train_789/train_789a/train_789_a_1.nii.gz
train_78_a_1.nii.gz,/mnt/hwfile/medai/zhangxiaoman/DATA/CT-RATE/dataset/train_preprocessed/train_78/train_78a/train_78_a_1.nii.gz
train_790_a_1.nii.gz,/mnt/hwfile/medai/zhangxiaoman/DATA/CT-RATE/dataset/train_preprocessed/train_790/train_790a/train_790_a_1.nii.gz
train_790_b_1.nii.gz,/mnt/hwfile/medai/zhangxiaoman/DATA/CT-RATE/dataset/train_preprocessed/train_790/train_790b/train_790_b_1.nii.gz
train_790_c_1.nii.gz,/mnt/hwfile/medai/zhangxiaoman/DATA/CT-RATE/dataset/train_preprocessed/train_790/train_790c/train_790_c_1.nii.gz
train_791_a_1.nii.gz,/mnt/hwfile/medai/zhangxiaoman/DATA/CT-RATE/dataset/train_preprocessed/train_791/train_791a/train_791_a_1.nii.gz
train_792_a_1.nii.gz,/mnt/hwfile/medai/zhangxiaoman/DATA/CT-RATE/dataset/train_preprocessed/train_792/train_792a/train_792_a_1.nii.gz
train_793_a_1.nii.gz,/mnt/hwfile/medai/zhangxiaoman/DATA/CT-RATE/dataset/train_preprocessed/train_793/train_793a/train_793_a_1.nii.gz
train_794_a_1.nii.gz,/mnt/hwfile/medai/zhangxiaoman/DATA/CT-RATE/dataset/train_preprocessed/train_794/train_794a/train_794_a_1.nii.gz
train_795_a_1.nii.gz,/mnt/hwfile/medai/zhangxiaoman/DATA/CT-RATE/dataset/train_preprocessed/train_795/train_795a/train_795_a_1.nii.gz
train_796_a_1.nii.gz,/mnt/hwfile/medai/zhangxiaoman/DATA/CT-RATE/dataset/train_preprocessed/train_796/train_796a/train_796_a_1.nii.gz
train_797_a_1.nii.gz,/mnt/hwfile/medai/zhangxiaoman/DATA/CT-RATE/dataset/train_preprocessed/train_797/train_797a/train_797_a_1.nii.gz
train_798_a_1.nii.gz,/mnt/hwfile/medai/zhangxiaoman/DATA/CT-RATE/dataset/train_preprocessed/train_798/train_798a/train_798_a_1.nii.gz
train_799_a_1.nii.gz,/mnt/hwfile/medai/zhangxiaoman/DATA/CT-RATE/dataset/train_preprocessed/train_799/train_799a/train_799_a_1.nii.gz
train_79_a_1.nii.gz,/mnt/hwfile/medai/zhangxiaoman/DATA/CT-RATE/dataset/train_preprocessed/train_79/train_79a/train_79_a_1.nii.gz
train_79_b_1.nii.gz,/mnt/hwfile/medai/zhangxiaoman/DATA/CT-RATE/dataset/train_preprocessed/train_79/train_79b/train_79_b_1.nii.gz
train_7_a_1.nii.gz,/mnt/hwfile/medai/zhangxiaoman/DATA/CT-RATE/dataset/train_preprocessed/train_7/train_7a/train_7_a_1.nii.gz
train_800_a_1.nii.gz,/mnt/hwfile/medai/zhangxiaoman/DATA/CT-RATE/dataset/train_preprocessed/train_800/train_800a/train_800_a_1.nii.gz
train_801_a_1.nii.gz,/mnt/hwfile/medai/zhangxiaoman/DATA/CT-RATE/dataset/train_preprocessed/train_801/train_801a/train_801_a_1.nii.gz
train_802_a_1.nii.gz,/mnt/hwfile/medai/zhangxiaoman/DATA/CT-RATE/dataset/train_preprocessed/train_802/train_802a/train_802_a_1.nii.gz
train_803_a_1.nii.gz,/mnt/hwfile/medai/zhangxiaoman/DATA/CT-RATE/dataset/train_preprocessed/train_803/train_803a/train_803_a_1.nii.gz
train_804_a_1.nii.gz,/mnt/hwfile/medai/zhangxiaoman/DATA/CT-RATE/dataset/train_preprocessed/train_804/train_804a/train_804_a_1.nii.gz
train_805_a_1.nii.gz,/mnt/hwfile/medai/zhangxiaoman/DATA/CT-RATE/dataset/train_preprocessed/train_805/train_805a/train_805_a_1.nii.gz
train_806_a_1.nii.gz,/mnt/hwfile/medai/zhangxiaoman/DATA/CT-RATE/dataset/train_preprocessed/train_806/train_806a/train_806_a_1.nii.gz
train_807_a_1.nii.gz,/mnt/hwfile/medai/zhangxiaoman/DATA/CT-RATE/dataset/train_preprocessed/train_807/train_807a/train_807_a_1.nii.gz
train_808_a_1.nii.gz,/mnt/hwfile/medai/zhangxiaoman/DATA/CT-RATE/dataset/train_preprocessed/train_808/train_808a/train_808_a_1.nii.gz
train_809_a_1.nii.gz,/mnt/hwfile/medai/zhangxiaoman/DATA/CT-RATE/dataset/train_preprocessed/train_809/train_809a/train_809_a_1.nii.gz
train_80_a_1.nii.gz,/mnt/hwfile/medai/zhangxiaoman/DATA/CT-RATE/dataset/train_preprocessed/train_80/train_80a/train_80_a_1.nii.gz
train_810_a_1.nii.gz,/mnt/hwfile/medai/zhangxiaoman/DATA/CT-RATE/dataset/train_preprocessed/train_810/train_810a/train_810_a_1.nii.gz
train_810_b_1.nii.gz,/mnt/hwfile/medai/zhangxiaoman/DATA/CT-RATE/dataset/train_preprocessed/train_810/train_810b/train_810_b_1.nii.gz
train_811_a_1.nii.gz,/mnt/hwfile/medai/zhangxiaoman/DATA/CT-RATE/dataset/train_preprocessed/train_811/train_811a/train_811_a_1.nii.gz
train_812_a_1.nii.gz,/mnt/hwfile/medai/zhangxiaoman/DATA/CT-RATE/dataset/train_preprocessed/train_812/train_812a/train_812_a_1.nii.gz
train_813_a_1.nii.gz,/mnt/hwfile/medai/zhangxiaoman/DATA/CT-RATE/dataset/train_preprocessed/train_813/train_813a/train_813_a_1.nii.gz
train_814_a_1.nii.gz,/mnt/hwfile/medai/zhangxiaoman/DATA/CT-RATE/dataset/train_preprocessed/train_814/train_814a/train_814_a_1.nii.gz
train_815_a_1.nii.gz,/mnt/hwfile/medai/zhangxiaoman/DATA/CT-RATE/dataset/train_preprocessed/train_815/train_815a/train_815_a_1.nii.gz
train_816_a_1.nii.gz,/mnt/hwfile/medai/zhangxiaoman/DATA/CT-RATE/dataset/train_preprocessed/train_816/train_816a/train_816_a_1.nii.gz
train_817_a_1.nii.gz,/mnt/hwfile/medai/zhangxiaoman/DATA/CT-RATE/dataset/train_preprocessed/train_817/train_817a/train_817_a_1.nii.gz
train_818_a_1.nii.gz,/mnt/hwfile/medai/zhangxiaoman/DATA/CT-RATE/dataset/train_preprocessed/train_818/train_818a/train_818_a_1.nii.gz
train_819_a_1.nii.gz,/mnt/hwfile/medai/zhangxiaoman/DATA/CT-RATE/dataset/train_preprocessed/train_819/train_819a/train_819_a_1.nii.gz
train_819_b_1.nii.gz,/mnt/hwfile/medai/zhangxiaoman/DATA/CT-RATE/dataset/train_preprocessed/train_819/train_819b/train_819_b_1.nii.gz
train_81_a_1.nii.gz,/mnt/hwfile/medai/zhangxiaoman/DATA/CT-RATE/dataset/train_preprocessed/train_81/train_81a/train_81_a_1.nii.gz
train_820_a_1.nii.gz,/mnt/hwfile/medai/zhangxiaoman/DATA/CT-RATE/dataset/train_preprocessed/train_820/train_820a/train_820_a_1.nii.gz
train_821_a_1.nii.gz,/mnt/hwfile/medai/zhangxiaoman/DATA/CT-RATE/dataset/train_preprocessed/train_821/train_821a/train_821_a_1.nii.gz
train_822_a_1.nii.gz,/mnt/hwfile/medai/zhangxiaoman/DATA/CT-RATE/dataset/train_preprocessed/train_822/train_822a/train_822_a_1.nii.gz
train_823_a_1.nii.gz,/mnt/hwfile/medai/zhangxiaoman/DATA/CT-RATE/dataset/train_preprocessed/train_823/train_823a/train_823_a_1.nii.gz
train_824_a_1.nii.gz,/mnt/hwfile/medai/zhangxiaoman/DATA/CT-RATE/dataset/train_preprocessed/train_824/train_824a/train_824_a_1.nii.gz
train_825_a_1.nii.gz,/mnt/hwfile/medai/zhangxiaoman/DATA/CT-RATE/dataset/train_preprocessed/train_825/train_825a/train_825_a_1.nii.gz
train_825_b_1.nii.gz,/mnt/hwfile/medai/zhangxiaoman/DATA/CT-RATE/dataset/train_preprocessed/train_825/train_825b/train_825_b_1.nii.gz
train_826_a_1.nii.gz,/mnt/hwfile/medai/zhangxiaoman/DATA/CT-RATE/dataset/train_preprocessed/train_826/train_826a/train_826_a_1.nii.gz
train_826_b_1.nii.gz,/mnt/hwfile/medai/zhangxiaoman/DATA/CT-RATE/dataset/train_preprocessed/train_826/train_826b/train_826_b_1.nii.gz
train_826_c_1.nii.gz,/mnt/hwfile/medai/zhangxiaoman/DATA/CT-RATE/dataset/train_preprocessed/train_826/train_826c/train_826_c_1.nii.gz
train_826_d_1.nii.gz,/mnt/hwfile/medai/zhangxiaoman/DATA/CT-RATE/dataset/train_preprocessed/train_826/train_826d/train_826_d_1.nii.gz
train_827_a_1.nii.gz,/mnt/hwfile/medai/zhangxiaoman/DATA/CT-RATE/dataset/train_preprocessed/train_827/train_827a/train_827_a_1.nii.gz
train_828_a_1.nii.gz,/mnt/hwfile/medai/zhangxiaoman/DATA/CT-RATE/dataset/train_preprocessed/train_828/train_828a/train_828_a_1.nii.gz
train_829_a_1.nii.gz,/mnt/hwfile/medai/zhangxiaoman/DATA/CT-RATE/dataset/train_preprocessed/train_829/train_829a/train_829_a_1.nii.gz
train_82_a_1.nii.gz,/mnt/hwfile/medai/zhangxiaoman/DATA/CT-RATE/dataset/train_preprocessed/train_82/train_82a/train_82_a_1.nii.gz
train_82_b_1.nii.gz,/mnt/hwfile/medai/zhangxiaoman/DATA/CT-RATE/dataset/train_preprocessed/train_82/train_82b/train_82_b_1.nii.gz
train_830_a_1.nii.gz,/mnt/hwfile/medai/zhangxiaoman/DATA/CT-RATE/dataset/train_preprocessed/train_830/train_830a/train_830_a_1.nii.gz
train_831_a_1.nii.gz,/mnt/hwfile/medai/zhangxiaoman/DATA/CT-RATE/dataset/train_preprocessed/train_831/train_831a/train_831_a_1.nii.gz
train_832_a_1.nii.gz,/mnt/hwfile/medai/zhangxiaoman/DATA/CT-RATE/dataset/train_preprocessed/train_832/train_832a/train_832_a_1.nii.gz
train_833_a_1.nii.gz,/mnt/hwfile/medai/zhangxiaoman/DATA/CT-RATE/dataset/train_preprocessed/train_833/train_833a/train_833_a_1.nii.gz
train_834_a_1.nii.gz,/mnt/hwfile/medai/zhangxiaoman/DATA/CT-RATE/dataset/train_preprocessed/train_834/train_834a/train_834_a_1.nii.gz
train_835_a_1.nii.gz,/mnt/hwfile/medai/zhangxiaoman/DATA/CT-RATE/dataset/train_preprocessed/train_835/train_835a/train_835_a_1.nii.gz
train_836_a_1.nii.gz,/mnt/hwfile/medai/zhangxiaoman/DATA/CT-RATE/dataset/train_preprocessed/train_836/train_836a/train_836_a_1.nii.gz
train_837_a_1.nii.gz,/mnt/hwfile/medai/zhangxiaoman/DATA/CT-RATE/dataset/train_preprocessed/train_837/train_837a/train_837_a_1.nii.gz
train_838_a_1.nii.gz,/mnt/hwfile/medai/zhangxiaoman/DATA/CT-RATE/dataset/train_preprocessed/train_838/train_838a/train_838_a_1.nii.gz
train_839_a_1.nii.gz,/mnt/hwfile/medai/zhangxiaoman/DATA/CT-RATE/dataset/train_preprocessed/train_839/train_839a/train_839_a_1.nii.gz
train_83_a_1.nii.gz,/mnt/hwfile/medai/zhangxiaoman/DATA/CT-RATE/dataset/train_preprocessed/train_83/train_83a/train_83_a_1.nii.gz
train_840_a_1.nii.gz,/mnt/hwfile/medai/zhangxiaoman/DATA/CT-RATE/dataset/train_preprocessed/train_840/train_840a/train_840_a_1.nii.gz
train_841_a_1.nii.gz,/mnt/hwfile/medai/zhangxiaoman/DATA/CT-RATE/dataset/train_preprocessed/train_841/train_841a/train_841_a_1.nii.gz
train_842_a_1.nii.gz,/mnt/hwfile/medai/zhangxiaoman/DATA/CT-RATE/dataset/train_preprocessed/train_842/train_842a/train_842_a_1.nii.gz
train_843_a_1.nii.gz,/mnt/hwfile/medai/zhangxiaoman/DATA/CT-RATE/dataset/train_preprocessed/train_843/train_843a/train_843_a_1.nii.gz
train_844_a_1.nii.gz,/mnt/hwfile/medai/zhangxiaoman/DATA/CT-RATE/dataset/train_preprocessed/train_844/train_844a/train_844_a_1.nii.gz
train_845_a_1.nii.gz,/mnt/hwfile/medai/zhangxiaoman/DATA/CT-RATE/dataset/train_preprocessed/train_845/train_845a/train_845_a_1.nii.gz
train_846_a_1.nii.gz,/mnt/hwfile/medai/zhangxiaoman/DATA/CT-RATE/dataset/train_preprocessed/train_846/train_846a/train_846_a_1.nii.gz
train_847_a_1.nii.gz,/mnt/hwfile/medai/zhangxiaoman/DATA/CT-RATE/dataset/train_preprocessed/train_847/train_847a/train_847_a_1.nii.gz
train_848_a_1.nii.gz,/mnt/hwfile/medai/zhangxiaoman/DATA/CT-RATE/dataset/train_preprocessed/train_848/train_848a/train_848_a_1.nii.gz
train_848_b_1.nii.gz,/mnt/hwfile/medai/zhangxiaoman/DATA/CT-RATE/dataset/train_preprocessed/train_848/train_848b/train_848_b_1.nii.gz
train_848_c_1.nii.gz,/mnt/hwfile/medai/zhangxiaoman/DATA/CT-RATE/dataset/train_preprocessed/train_848/train_848c/train_848_c_1.nii.gz
train_848_d_1.nii.gz,/mnt/hwfile/medai/zhangxiaoman/DATA/CT-RATE/dataset/train_preprocessed/train_848/train_848d/train_848_d_1.nii.gz
train_848_e_1.nii.gz,/mnt/hwfile/medai/zhangxiaoman/DATA/CT-RATE/dataset/train_preprocessed/train_848/train_848e/train_848_e_1.nii.gz
train_848_f_1.nii.gz,/mnt/hwfile/medai/zhangxiaoman/DATA/CT-RATE/dataset/train_preprocessed/train_848/train_848f/train_848_f_1.nii.gz
train_848_g_1.nii.gz,/mnt/hwfile/medai/zhangxiaoman/DATA/CT-RATE/dataset/train_preprocessed/train_848/train_848g/train_848_g_1.nii.gz
train_848_h_1.nii.gz,/mnt/hwfile/medai/zhangxiaoman/DATA/CT-RATE/dataset/train_preprocessed/train_848/train_848h/train_848_h_1.nii.gz
train_848_i_1.nii.gz,/mnt/hwfile/medai/zhangxiaoman/DATA/CT-RATE/dataset/train_preprocessed/train_848/train_848i/train_848_i_1.nii.gz
train_849_a_1.nii.gz,/mnt/hwfile/medai/zhangxiaoman/DATA/CT-RATE/dataset/train_preprocessed/train_849/train_849a/train_849_a_1.nii.gz
train_84_a_1.nii.gz,/mnt/hwfile/medai/zhangxiaoman/DATA/CT-RATE/dataset/train_preprocessed/train_84/train_84a/train_84_a_1.nii.gz
train_84_b_1.nii.gz,/mnt/hwfile/medai/zhangxiaoman/DATA/CT-RATE/dataset/train_preprocessed/train_84/train_84b/train_84_b_1.nii.gz
train_84_c_1.nii.gz,/mnt/hwfile/medai/zhangxiaoman/DATA/CT-RATE/dataset/train_preprocessed/train_84/train_84c/train_84_c_1.nii.gz
train_84_d_1.nii.gz,/mnt/hwfile/medai/zhangxiaoman/DATA/CT-RATE/dataset/train_preprocessed/train_84/train_84d/train_84_d_1.nii.gz
train_850_a_1.nii.gz,/mnt/hwfile/medai/zhangxiaoman/DATA/CT-RATE/dataset/train_preprocessed/train_850/train_850a/train_850_a_1.nii.gz
train_851_a_1.nii.gz,/mnt/hwfile/medai/zhangxiaoman/DATA/CT-RATE/dataset/train_preprocessed/train_851/train_851a/train_851_a_1.nii.gz
train_852_a_1.nii.gz,/mnt/hwfile/medai/zhangxiaoman/DATA/CT-RATE/dataset/train_preprocessed/train_852/train_852a/train_852_a_1.nii.gz
train_853_a_1.nii.gz,/mnt/hwfile/medai/zhangxiaoman/DATA/CT-RATE/dataset/train_preprocessed/train_853/train_853a/train_853_a_1.nii.gz
train_854_a_1.nii.gz,/mnt/hwfile/medai/zhangxiaoman/DATA/CT-RATE/dataset/train_preprocessed/train_854/train_854a/train_854_a_1.nii.gz
train_855_a_1.nii.gz,/mnt/hwfile/medai/zhangxiaoman/DATA/CT-RATE/dataset/train_preprocessed/train_855/train_855a/train_855_a_1.nii.gz
train_856_a_1.nii.gz,/mnt/hwfile/medai/zhangxiaoman/DATA/CT-RATE/dataset/train_preprocessed/train_856/train_856a/train_856_a_1.nii.gz
train_857_a_1.nii.gz,/mnt/hwfile/medai/zhangxiaoman/DATA/CT-RATE/dataset/train_preprocessed/train_857/train_857a/train_857_a_1.nii.gz
train_858_a_1.nii.gz,/mnt/hwfile/medai/zhangxiaoman/DATA/CT-RATE/dataset/train_preprocessed/train_858/train_858a/train_858_a_1.nii.gz
train_859_a_1.nii.gz,/mnt/hwfile/medai/zhangxiaoman/DATA/CT-RATE/dataset/train_preprocessed/train_859/train_859a/train_859_a_1.nii.gz
train_85_a_1.nii.gz,/mnt/hwfile/medai/zhangxiaoman/DATA/CT-RATE/dataset/train_preprocessed/train_85/train_85a/train_85_a_1.nii.gz
train_860_a_1.nii.gz,/mnt/hwfile/medai/zhangxiaoman/DATA/CT-RATE/dataset/train_preprocessed/train_860/train_860a/train_860_a_1.nii.gz
train_861_a_1.nii.gz,/mnt/hwfile/medai/zhangxiaoman/DATA/CT-RATE/dataset/train_preprocessed/train_861/train_861a/train_861_a_1.nii.gz
train_862_a_1.nii.gz,/mnt/hwfile/medai/zhangxiaoman/DATA/CT-RATE/dataset/train_preprocessed/train_862/train_862a/train_862_a_1.nii.gz
train_863_a_1.nii.gz,/mnt/hwfile/medai/zhangxiaoman/DATA/CT-RATE/dataset/train_preprocessed/train_863/train_863a/train_863_a_1.nii.gz
train_863_b_1.nii.gz,/mnt/hwfile/medai/zhangxiaoman/DATA/CT-RATE/dataset/train_preprocessed/train_863/train_863b/train_863_b_1.nii.gz
train_864_a_1.nii.gz,/mnt/hwfile/medai/zhangxiaoman/DATA/CT-RATE/dataset/train_preprocessed/train_864/train_864a/train_864_a_1.nii.gz
train_865_a_1.nii.gz,/mnt/hwfile/medai/zhangxiaoman/DATA/CT-RATE/dataset/train_preprocessed/train_865/train_865a/train_865_a_1.nii.gz
train_866_a_1.nii.gz,/mnt/hwfile/medai/zhangxiaoman/DATA/CT-RATE/dataset/train_preprocessed/train_866/train_866a/train_866_a_1.nii.gz
train_867_a_1.nii.gz,/mnt/hwfile/medai/zhangxiaoman/DATA/CT-RATE/dataset/train_preprocessed/train_867/train_867a/train_867_a_1.nii.gz
train_868_a_1.nii.gz,/mnt/hwfile/medai/zhangxiaoman/DATA/CT-RATE/dataset/train_preprocessed/train_868/train_868a/train_868_a_1.nii.gz
train_869_a_1.nii.gz,/mnt/hwfile/medai/zhangxiaoman/DATA/CT-RATE/dataset/train_preprocessed/train_869/train_869a/train_869_a_1.nii.gz
train_86_a_1.nii.gz,/mnt/hwfile/medai/zhangxiaoman/DATA/CT-RATE/dataset/train_preprocessed/train_86/train_86a/train_86_a_1.nii.gz
train_86_b_1.nii.gz,/mnt/hwfile/medai/zhangxiaoman/DATA/CT-RATE/dataset/train_preprocessed/train_86/train_86b/train_86_b_1.nii.gz
train_86_c_1.nii.gz,/mnt/hwfile/medai/zhangxiaoman/DATA/CT-RATE/dataset/train_preprocessed/train_86/train_86c/train_86_c_1.nii.gz
train_870_a_1.nii.gz,/mnt/hwfile/medai/zhangxiaoman/DATA/CT-RATE/dataset/train_preprocessed/train_870/train_870a/train_870_a_1.nii.gz
train_871_a_1.nii.gz,/mnt/hwfile/medai/zhangxiaoman/DATA/CT-RATE/dataset/train_preprocessed/train_871/train_871a/train_871_a_1.nii.gz
train_872_a_1.nii.gz,/mnt/hwfile/medai/zhangxiaoman/DATA/CT-RATE/dataset/train_preprocessed/train_872/train_872a/train_872_a_1.nii.gz
train_872_b_1.nii.gz,/mnt/hwfile/medai/zhangxiaoman/DATA/CT-RATE/dataset/train_preprocessed/train_872/train_872b/train_872_b_1.nii.gz
train_873_a_1.nii.gz,/mnt/hwfile/medai/zhangxiaoman/DATA/CT-RATE/dataset/train_preprocessed/train_873/train_873a/train_873_a_1.nii.gz
train_873_b_1.nii.gz,/mnt/hwfile/medai/zhangxiaoman/DATA/CT-RATE/dataset/train_preprocessed/train_873/train_873b/train_873_b_1.nii.gz
train_873_c_1.nii.gz,/mnt/hwfile/medai/zhangxiaoman/DATA/CT-RATE/dataset/train_preprocessed/train_873/train_873c/train_873_c_1.nii.gz
train_874_a_1.nii.gz,/mnt/hwfile/medai/zhangxiaoman/DATA/CT-RATE/dataset/train_preprocessed/train_874/train_874a/train_874_a_1.nii.gz
train_875_a_1.nii.gz,/mnt/hwfile/medai/zhangxiaoman/DATA/CT-RATE/dataset/train_preprocessed/train_875/train_875a/train_875_a_1.nii.gz
train_876_a_1.nii.gz,/mnt/hwfile/medai/zhangxiaoman/DATA/CT-RATE/dataset/train_preprocessed/train_876/train_876a/train_876_a_1.nii.gz
train_877_a_1.nii.gz,/mnt/hwfile/medai/zhangxiaoman/DATA/CT-RATE/dataset/train_preprocessed/train_877/train_877a/train_877_a_1.nii.gz
train_878_a_1.nii.gz,/mnt/hwfile/medai/zhangxiaoman/DATA/CT-RATE/dataset/train_preprocessed/train_878/train_878a/train_878_a_1.nii.gz
train_879_a_1.nii.gz,/mnt/hwfile/medai/zhangxiaoman/DATA/CT-RATE/dataset/train_preprocessed/train_879/train_879a/train_879_a_1.nii.gz
train_87_a_1.nii.gz,/mnt/hwfile/medai/zhangxiaoman/DATA/CT-RATE/dataset/train_preprocessed/train_87/train_87a/train_87_a_1.nii.gz
train_880_a_1.nii.gz,/mnt/hwfile/medai/zhangxiaoman/DATA/CT-RATE/dataset/train_preprocessed/train_880/train_880a/train_880_a_1.nii.gz
train_881_a_1.nii.gz,/mnt/hwfile/medai/zhangxiaoman/DATA/CT-RATE/dataset/train_preprocessed/train_881/train_881a/train_881_a_1.nii.gz
train_882_a_1.nii.gz,/mnt/hwfile/medai/zhangxiaoman/DATA/CT-RATE/dataset/train_preprocessed/train_882/train_882a/train_882_a_1.nii.gz
train_883_a_1.nii.gz,/mnt/hwfile/medai/zhangxiaoman/DATA/CT-RATE/dataset/train_preprocessed/train_883/train_883a/train_883_a_1.nii.gz
train_884_a_1.nii.gz,/mnt/hwfile/medai/zhangxiaoman/DATA/CT-RATE/dataset/train_preprocessed/train_884/train_884a/train_884_a_1.nii.gz
train_885_a_1.nii.gz,/mnt/hwfile/medai/zhangxiaoman/DATA/CT-RATE/dataset/train_preprocessed/train_885/train_885a/train_885_a_1.nii.gz
train_886_a_1.nii.gz,/mnt/hwfile/medai/zhangxiaoman/DATA/CT-RATE/dataset/train_preprocessed/train_886/train_886a/train_886_a_1.nii.gz
train_886_b_1.nii.gz,/mnt/hwfile/medai/zhangxiaoman/DATA/CT-RATE/dataset/train_preprocessed/train_886/train_886b/train_886_b_1.nii.gz
train_886_c_1.nii.gz,/mnt/hwfile/medai/zhangxiaoman/DATA/CT-RATE/dataset/train_preprocessed/train_886/train_886c/train_886_c_1.nii.gz
train_887_a_1.nii.gz,/mnt/hwfile/medai/zhangxiaoman/DATA/CT-RATE/dataset/train_preprocessed/train_887/train_887a/train_887_a_1.nii.gz
train_888_a_1.nii.gz,/mnt/hwfile/medai/zhangxiaoman/DATA/CT-RATE/dataset/train_preprocessed/train_888/train_888a/train_888_a_1.nii.gz
train_889_a_1.nii.gz,/mnt/hwfile/medai/zhangxiaoman/DATA/CT-RATE/dataset/train_preprocessed/train_889/train_889a/train_889_a_1.nii.gz
train_88_a_1.nii.gz,/mnt/hwfile/medai/zhangxiaoman/DATA/CT-RATE/dataset/train_preprocessed/train_88/train_88a/train_88_a_1.nii.gz
train_890_a_1.nii.gz,/mnt/hwfile/medai/zhangxiaoman/DATA/CT-RATE/dataset/train_preprocessed/train_890/train_890a/train_890_a_1.nii.gz
train_891_a_1.nii.gz,/mnt/hwfile/medai/zhangxiaoman/DATA/CT-RATE/dataset/train_preprocessed/train_891/train_891a/train_891_a_1.nii.gz
train_892_a_1.nii.gz,/mnt/hwfile/medai/zhangxiaoman/DATA/CT-RATE/dataset/train_preprocessed/train_892/train_892a/train_892_a_1.nii.gz
train_893_a_1.nii.gz,/mnt/hwfile/medai/zhangxiaoman/DATA/CT-RATE/dataset/train_preprocessed/train_893/train_893a/train_893_a_1.nii.gz
train_894_a_1.nii.gz,/mnt/hwfile/medai/zhangxiaoman/DATA/CT-RATE/dataset/train_preprocessed/train_894/train_894a/train_894_a_1.nii.gz
train_895_a_1.nii.gz,/mnt/hwfile/medai/zhangxiaoman/DATA/CT-RATE/dataset/train_preprocessed/train_895/train_895a/train_895_a_1.nii.gz
train_896_a_1.nii.gz,/mnt/hwfile/medai/zhangxiaoman/DATA/CT-RATE/dataset/train_preprocessed/train_896/train_896a/train_896_a_1.nii.gz
train_897_a_1.nii.gz,/mnt/hwfile/medai/zhangxiaoman/DATA/CT-RATE/dataset/train_preprocessed/train_897/train_897a/train_897_a_1.nii.gz
train_898_a_1.nii.gz,/mnt/hwfile/medai/zhangxiaoman/DATA/CT-RATE/dataset/train_preprocessed/train_898/train_898a/train_898_a_1.nii.gz
train_899_a_1.nii.gz,/mnt/hwfile/medai/zhangxiaoman/DATA/CT-RATE/dataset/train_preprocessed/train_899/train_899a/train_899_a_1.nii.gz
train_89_a_1.nii.gz,/mnt/hwfile/medai/zhangxiaoman/DATA/CT-RATE/dataset/train_preprocessed/train_89/train_89a/train_89_a_1.nii.gz
train_8_a_1.nii.gz,/mnt/hwfile/medai/zhangxiaoman/DATA/CT-RATE/dataset/train_preprocessed/train_8/train_8a/train_8_a_1.nii.gz
train_8_b_1.nii.gz,/mnt/hwfile/medai/zhangxiaoman/DATA/CT-RATE/dataset/train_preprocessed/train_8/train_8b/train_8_b_1.nii.gz
train_900_a_1.nii.gz,/mnt/hwfile/medai/zhangxiaoman/DATA/CT-RATE/dataset/train_preprocessed/train_900/train_900a/train_900_a_1.nii.gz
train_901_a_1.nii.gz,/mnt/hwfile/medai/zhangxiaoman/DATA/CT-RATE/dataset/train_preprocessed/train_901/train_901a/train_901_a_1.nii.gz
train_902_a_1.nii.gz,/mnt/hwfile/medai/zhangxiaoman/DATA/CT-RATE/dataset/train_preprocessed/train_902/train_902a/train_902_a_1.nii.gz
train_903_a_1.nii.gz,/mnt/hwfile/medai/zhangxiaoman/DATA/CT-RATE/dataset/train_preprocessed/train_903/train_903a/train_903_a_1.nii.gz
train_904_a_1.nii.gz,/mnt/hwfile/medai/zhangxiaoman/DATA/CT-RATE/dataset/train_preprocessed/train_904/train_904a/train_904_a_1.nii.gz
train_905_a_1.nii.gz,/mnt/hwfile/medai/zhangxiaoman/DATA/CT-RATE/dataset/train_preprocessed/train_905/train_905a/train_905_a_1.nii.gz
train_906_a_1.nii.gz,/mnt/hwfile/medai/zhangxiaoman/DATA/CT-RATE/dataset/train_preprocessed/train_906/train_906a/train_906_a_1.nii.gz
train_907_a_1.nii.gz,/mnt/hwfile/medai/zhangxiaoman/DATA/CT-RATE/dataset/train_preprocessed/train_907/train_907a/train_907_a_1.nii.gz
train_908_a_1.nii.gz,/mnt/hwfile/medai/zhangxiaoman/DATA/CT-RATE/dataset/train_preprocessed/train_908/train_908a/train_908_a_1.nii.gz
train_909_a_1.nii.gz,/mnt/hwfile/medai/zhangxiaoman/DATA/CT-RATE/dataset/train_preprocessed/train_909/train_909a/train_909_a_1.nii.gz
train_90_a_1.nii.gz,/mnt/hwfile/medai/zhangxiaoman/DATA/CT-RATE/dataset/train_preprocessed/train_90/train_90a/train_90_a_1.nii.gz
train_90_b_1.nii.gz,/mnt/hwfile/medai/zhangxiaoman/DATA/CT-RATE/dataset/train_preprocessed/train_90/train_90b/train_90_b_1.nii.gz
train_910_a_1.nii.gz,/mnt/hwfile/medai/zhangxiaoman/DATA/CT-RATE/dataset/train_preprocessed/train_910/train_910a/train_910_a_1.nii.gz
train_911_a_1.nii.gz,/mnt/hwfile/medai/zhangxiaoman/DATA/CT-RATE/dataset/train_preprocessed/train_911/train_911a/train_911_a_1.nii.gz
train_912_a_1.nii.gz,/mnt/hwfile/medai/zhangxiaoman/DATA/CT-RATE/dataset/train_preprocessed/train_912/train_912a/train_912_a_1.nii.gz
train_913_a_1.nii.gz,/mnt/hwfile/medai/zhangxiaoman/DATA/CT-RATE/dataset/train_preprocessed/train_913/train_913a/train_913_a_1.nii.gz
train_914_a_1.nii.gz,/mnt/hwfile/medai/zhangxiaoman/DATA/CT-RATE/dataset/train_preprocessed/train_914/train_914a/train_914_a_1.nii.gz
train_915_a_1.nii.gz,/mnt/hwfile/medai/zhangxiaoman/DATA/CT-RATE/dataset/train_preprocessed/train_915/train_915a/train_915_a_1.nii.gz
train_916_a_1.nii.gz,/mnt/hwfile/medai/zhangxiaoman/DATA/CT-RATE/dataset/train_preprocessed/train_916/train_916a/train_916_a_1.nii.gz
train_916_b_1.nii.gz,/mnt/hwfile/medai/zhangxiaoman/DATA/CT-RATE/dataset/train_preprocessed/train_916/train_916b/train_916_b_1.nii.gz
train_917_a_1.nii.gz,/mnt/hwfile/medai/zhangxiaoman/DATA/CT-RATE/dataset/train_preprocessed/train_917/train_917a/train_917_a_1.nii.gz
train_918_a_1.nii.gz,/mnt/hwfile/medai/zhangxiaoman/DATA/CT-RATE/dataset/train_preprocessed/train_918/train_918a/train_918_a_1.nii.gz
train_918_b_1.nii.gz,/mnt/hwfile/medai/zhangxiaoman/DATA/CT-RATE/dataset/train_preprocessed/train_918/train_918b/train_918_b_1.nii.gz
train_919_a_1.nii.gz,/mnt/hwfile/medai/zhangxiaoman/DATA/CT-RATE/dataset/train_preprocessed/train_919/train_919a/train_919_a_1.nii.gz
train_91_a_1.nii.gz,/mnt/hwfile/medai/zhangxiaoman/DATA/CT-RATE/dataset/train_preprocessed/train_91/train_91a/train_91_a_1.nii.gz
train_920_a_1.nii.gz,/mnt/hwfile/medai/zhangxiaoman/DATA/CT-RATE/dataset/train_preprocessed/train_920/train_920a/train_920_a_1.nii.gz
train_921_a_1.nii.gz,/mnt/hwfile/medai/zhangxiaoman/DATA/CT-RATE/dataset/train_preprocessed/train_921/train_921a/train_921_a_1.nii.gz
train_922_a_1.nii.gz,/mnt/hwfile/medai/zhangxiaoman/DATA/CT-RATE/dataset/train_preprocessed/train_922/train_922a/train_922_a_1.nii.gz
train_923_a_1.nii.gz,/mnt/hwfile/medai/zhangxiaoman/DATA/CT-RATE/dataset/train_preprocessed/train_923/train_923a/train_923_a_1.nii.gz
train_924_a_1.nii.gz,/mnt/hwfile/medai/zhangxiaoman/DATA/CT-RATE/dataset/train_preprocessed/train_924/train_924a/train_924_a_1.nii.gz
train_925_a_1.nii.gz,/mnt/hwfile/medai/zhangxiaoman/DATA/CT-RATE/dataset/train_preprocessed/train_925/train_925a/train_925_a_1.nii.gz
train_925_b_1.nii.gz,/mnt/hwfile/medai/zhangxiaoman/DATA/CT-RATE/dataset/train_preprocessed/train_925/train_925b/train_925_b_1.nii.gz
train_926_a_1.nii.gz,/mnt/hwfile/medai/zhangxiaoman/DATA/CT-RATE/dataset/train_preprocessed/train_926/train_926a/train_926_a_1.nii.gz
train_927_a_1.nii.gz,/mnt/hwfile/medai/zhangxiaoman/DATA/CT-RATE/dataset/train_preprocessed/train_927/train_927a/train_927_a_1.nii.gz
train_928_a_1.nii.gz,/mnt/hwfile/medai/zhangxiaoman/DATA/CT-RATE/dataset/train_preprocessed/train_928/train_928a/train_928_a_1.nii.gz
train_929_a_1.nii.gz,/mnt/hwfile/medai/zhangxiaoman/DATA/CT-RATE/dataset/train_preprocessed/train_929/train_929a/train_929_a_1.nii.gz
train_92_a_1.nii.gz,/mnt/hwfile/medai/zhangxiaoman/DATA/CT-RATE/dataset/train_preprocessed/train_92/train_92a/train_92_a_1.nii.gz
train_930_a_1.nii.gz,/mnt/hwfile/medai/zhangxiaoman/DATA/CT-RATE/dataset/train_preprocessed/train_930/train_930a/train_930_a_1.nii.gz
train_931_a_1.nii.gz,/mnt/hwfile/medai/zhangxiaoman/DATA/CT-RATE/dataset/train_preprocessed/train_931/train_931a/train_931_a_1.nii.gz
train_932_a_1.nii.gz,/mnt/hwfile/medai/zhangxiaoman/DATA/CT-RATE/dataset/train_preprocessed/train_932/train_932a/train_932_a_1.nii.gz
train_933_a_1.nii.gz,/mnt/hwfile/medai/zhangxiaoman/DATA/CT-RATE/dataset/train_preprocessed/train_933/train_933a/train_933_a_1.nii.gz
train_934_a_1.nii.gz,/mnt/hwfile/medai/zhangxiaoman/DATA/CT-RATE/dataset/train_preprocessed/train_934/train_934a/train_934_a_1.nii.gz
train_935_a_1.nii.gz,/mnt/hwfile/medai/zhangxiaoman/DATA/CT-RATE/dataset/train_preprocessed/train_935/train_935a/train_935_a_1.nii.gz
train_936_a_1.nii.gz,/mnt/hwfile/medai/zhangxiaoman/DATA/CT-RATE/dataset/train_preprocessed/train_936/train_936a/train_936_a_1.nii.gz
train_937_a_1.nii.gz,/mnt/hwfile/medai/zhangxiaoman/DATA/CT-RATE/dataset/train_preprocessed/train_937/train_937a/train_937_a_1.nii.gz
train_938_a_1.nii.gz,/mnt/hwfile/medai/zhangxiaoman/DATA/CT-RATE/dataset/train_preprocessed/train_938/train_938a/train_938_a_1.nii.gz
train_939_a_1.nii.gz,/mnt/hwfile/medai/zhangxiaoman/DATA/CT-RATE/dataset/train_preprocessed/train_939/train_939a/train_939_a_1.nii.gz
train_93_a_1.nii.gz,/mnt/hwfile/medai/zhangxiaoman/DATA/CT-RATE/dataset/train_preprocessed/train_93/train_93a/train_93_a_1.nii.gz
train_93_b_1.nii.gz,/mnt/hwfile/medai/zhangxiaoman/DATA/CT-RATE/dataset/train_preprocessed/train_93/train_93b/train_93_b_1.nii.gz
train_93_c_1.nii.gz,/mnt/hwfile/medai/zhangxiaoman/DATA/CT-RATE/dataset/train_preprocessed/train_93/train_93c/train_93_c_1.nii.gz
train_93_d_1.nii.gz,/mnt/hwfile/medai/zhangxiaoman/DATA/CT-RATE/dataset/train_preprocessed/train_93/train_93d/train_93_d_1.nii.gz
train_93_e_1.nii.gz,/mnt/hwfile/medai/zhangxiaoman/DATA/CT-RATE/dataset/train_preprocessed/train_93/train_93e/train_93_e_1.nii.gz
train_940_a_1.nii.gz,/mnt/hwfile/medai/zhangxiaoman/DATA/CT-RATE/dataset/train_preprocessed/train_940/train_940a/train_940_a_1.nii.gz
train_941_a_1.nii.gz,/mnt/hwfile/medai/zhangxiaoman/DATA/CT-RATE/dataset/train_preprocessed/train_941/train_941a/train_941_a_1.nii.gz
train_942_a_1.nii.gz,/mnt/hwfile/medai/zhangxiaoman/DATA/CT-RATE/dataset/train_preprocessed/train_942/train_942a/train_942_a_1.nii.gz
train_943_a_1.nii.gz,/mnt/hwfile/medai/zhangxiaoman/DATA/CT-RATE/dataset/train_preprocessed/train_943/train_943a/train_943_a_1.nii.gz
train_944_a_1.nii.gz,/mnt/hwfile/medai/zhangxiaoman/DATA/CT-RATE/dataset/train_preprocessed/train_944/train_944a/train_944_a_1.nii.gz
train_945_a_1.nii.gz,/mnt/hwfile/medai/zhangxiaoman/DATA/CT-RATE/dataset/train_preprocessed/train_945/train_945a/train_945_a_1.nii.gz
train_946_a_1.nii.gz,/mnt/hwfile/medai/zhangxiaoman/DATA/CT-RATE/dataset/train_preprocessed/train_946/train_946a/train_946_a_1.nii.gz
train_946_b_1.nii.gz,/mnt/hwfile/medai/zhangxiaoman/DATA/CT-RATE/dataset/train_preprocessed/train_946/train_946b/train_946_b_1.nii.gz
train_947_a_1.nii.gz,/mnt/hwfile/medai/zhangxiaoman/DATA/CT-RATE/dataset/train_preprocessed/train_947/train_947a/train_947_a_1.nii.gz
train_948_a_1.nii.gz,/mnt/hwfile/medai/zhangxiaoman/DATA/CT-RATE/dataset/train_preprocessed/train_948/train_948a/train_948_a_1.nii.gz
train_948_b_1.nii.gz,/mnt/hwfile/medai/zhangxiaoman/DATA/CT-RATE/dataset/train_preprocessed/train_948/train_948b/train_948_b_1.nii.gz
train_948_c_1.nii.gz,/mnt/hwfile/medai/zhangxiaoman/DATA/CT-RATE/dataset/train_preprocessed/train_948/train_948c/train_948_c_1.nii.gz
train_949_a_1.nii.gz,/mnt/hwfile/medai/zhangxiaoman/DATA/CT-RATE/dataset/train_preprocessed/train_949/train_949a/train_949_a_1.nii.gz
train_94_a_1.nii.gz,/mnt/hwfile/medai/zhangxiaoman/DATA/CT-RATE/dataset/train_preprocessed/train_94/train_94a/train_94_a_1.nii.gz
train_950_a_1.nii.gz,/mnt/hwfile/medai/zhangxiaoman/DATA/CT-RATE/dataset/train_preprocessed/train_950/train_950a/train_950_a_1.nii.gz
train_951_a_1.nii.gz,/mnt/hwfile/medai/zhangxiaoman/DATA/CT-RATE/dataset/train_preprocessed/train_951/train_951a/train_951_a_1.nii.gz
train_951_b_1.nii.gz,/mnt/hwfile/medai/zhangxiaoman/DATA/CT-RATE/dataset/train_preprocessed/train_951/train_951b/train_951_b_1.nii.gz
train_952_a_1.nii.gz,/mnt/hwfile/medai/zhangxiaoman/DATA/CT-RATE/dataset/train_preprocessed/train_952/train_952a/train_952_a_1.nii.gz
train_953_a_1.nii.gz,/mnt/hwfile/medai/zhangxiaoman/DATA/CT-RATE/dataset/train_preprocessed/train_953/train_953a/train_953_a_1.nii.gz
train_954_a_1.nii.gz,/mnt/hwfile/medai/zhangxiaoman/DATA/CT-RATE/dataset/train_preprocessed/train_954/train_954a/train_954_a_1.nii.gz
train_954_b_1.nii.gz,/mnt/hwfile/medai/zhangxiaoman/DATA/CT-RATE/dataset/train_preprocessed/train_954/train_954b/train_954_b_1.nii.gz
train_954_c_1.nii.gz,/mnt/hwfile/medai/zhangxiaoman/DATA/CT-RATE/dataset/train_preprocessed/train_954/train_954c/train_954_c_1.nii.gz
train_955_a_1.nii.gz,/mnt/hwfile/medai/zhangxiaoman/DATA/CT-RATE/dataset/train_preprocessed/train_955/train_955a/train_955_a_1.nii.gz
train_956_a_1.nii.gz,/mnt/hwfile/medai/zhangxiaoman/DATA/CT-RATE/dataset/train_preprocessed/train_956/train_956a/train_956_a_1.nii.gz
train_957_a_1.nii.gz,/mnt/hwfile/medai/zhangxiaoman/DATA/CT-RATE/dataset/train_preprocessed/train_957/train_957a/train_957_a_1.nii.gz
train_958_a_1.nii.gz,/mnt/hwfile/medai/zhangxiaoman/DATA/CT-RATE/dataset/train_preprocessed/train_958/train_958a/train_958_a_1.nii.gz
train_959_a_1.nii.gz,/mnt/hwfile/medai/zhangxiaoman/DATA/CT-RATE/dataset/train_preprocessed/train_959/train_959a/train_959_a_1.nii.gz
train_95_a_1.nii.gz,/mnt/hwfile/medai/zhangxiaoman/DATA/CT-RATE/dataset/train_preprocessed/train_95/train_95a/train_95_a_1.nii.gz
train_960_a_1.nii.gz,/mnt/hwfile/medai/zhangxiaoman/DATA/CT-RATE/dataset/train_preprocessed/train_960/train_960a/train_960_a_1.nii.gz
train_960_b_1.nii.gz,/mnt/hwfile/medai/zhangxiaoman/DATA/CT-RATE/dataset/train_preprocessed/train_960/train_960b/train_960_b_1.nii.gz
train_961_a_1.nii.gz,/mnt/hwfile/medai/zhangxiaoman/DATA/CT-RATE/dataset/train_preprocessed/train_961/train_961a/train_961_a_1.nii.gz
train_962_a_1.nii.gz,/mnt/hwfile/medai/zhangxiaoman/DATA/CT-RATE/dataset/train_preprocessed/train_962/train_962a/train_962_a_1.nii.gz
train_963_a_1.nii.gz,/mnt/hwfile/medai/zhangxiaoman/DATA/CT-RATE/dataset/train_preprocessed/train_963/train_963a/train_963_a_1.nii.gz
train_964_a_1.nii.gz,/mnt/hwfile/medai/zhangxiaoman/DATA/CT-RATE/dataset/train_preprocessed/train_964/train_964a/train_964_a_1.nii.gz
train_964_b_1.nii.gz,/mnt/hwfile/medai/zhangxiaoman/DATA/CT-RATE/dataset/train_preprocessed/train_964/train_964b/train_964_b_1.nii.gz
train_965_a_1.nii.gz,/mnt/hwfile/medai/zhangxiaoman/DATA/CT-RATE/dataset/train_preprocessed/train_965/train_965a/train_965_a_1.nii.gz
train_966_a_1.nii.gz,/mnt/hwfile/medai/zhangxiaoman/DATA/CT-RATE/dataset/train_preprocessed/train_966/train_966a/train_966_a_1.nii.gz
train_967_a_1.nii.gz,/mnt/hwfile/medai/zhangxiaoman/DATA/CT-RATE/dataset/train_preprocessed/train_967/train_967a/train_967_a_1.nii.gz
train_968_a_1.nii.gz,/mnt/hwfile/medai/zhangxiaoman/DATA/CT-RATE/dataset/train_preprocessed/train_968/train_968a/train_968_a_1.nii.gz
train_968_b_1.nii.gz,/mnt/hwfile/medai/zhangxiaoman/DATA/CT-RATE/dataset/train_preprocessed/train_968/train_968b/train_968_b_1.nii.gz
train_969_a_1.nii.gz,/mnt/hwfile/medai/zhangxiaoman/DATA/CT-RATE/dataset/train_preprocessed/train_969/train_969a/train_969_a_1.nii.gz
train_96_a_1.nii.gz,/mnt/hwfile/medai/zhangxiaoman/DATA/CT-RATE/dataset/train_preprocessed/train_96/train_96a/train_96_a_1.nii.gz
train_970_a_1.nii.gz,/mnt/hwfile/medai/zhangxiaoman/DATA/CT-RATE/dataset/train_preprocessed/train_970/train_970a/train_970_a_1.nii.gz
train_971_a_1.nii.gz,/mnt/hwfile/medai/zhangxiaoman/DATA/CT-RATE/dataset/train_preprocessed/train_971/train_971a/train_971_a_1.nii.gz
train_972_a_1.nii.gz,/mnt/hwfile/medai/zhangxiaoman/DATA/CT-RATE/dataset/train_preprocessed/train_972/train_972a/train_972_a_1.nii.gz
train_973_a_1.nii.gz,/mnt/hwfile/medai/zhangxiaoman/DATA/CT-RATE/dataset/train_preprocessed/train_973/train_973a/train_973_a_1.nii.gz
train_974_a_1.nii.gz,/mnt/hwfile/medai/zhangxiaoman/DATA/CT-RATE/dataset/train_preprocessed/train_974/train_974a/train_974_a_1.nii.gz
train_975_a_1.nii.gz,/mnt/hwfile/medai/zhangxiaoman/DATA/CT-RATE/dataset/train_preprocessed/train_975/train_975a/train_975_a_1.nii.gz
train_976_a_1.nii.gz,/mnt/hwfile/medai/zhangxiaoman/DATA/CT-RATE/dataset/train_preprocessed/train_976/train_976a/train_976_a_1.nii.gz
train_977_a_1.nii.gz,/mnt/hwfile/medai/zhangxiaoman/DATA/CT-RATE/dataset/train_preprocessed/train_977/train_977a/train_977_a_1.nii.gz
train_978_a_1.nii.gz,/mnt/hwfile/medai/zhangxiaoman/DATA/CT-RATE/dataset/train_preprocessed/train_978/train_978a/train_978_a_1.nii.gz
train_979_a_1.nii.gz,/mnt/hwfile/medai/zhangxiaoman/DATA/CT-RATE/dataset/train_preprocessed/train_979/train_979a/train_979_a_1.nii.gz
train_97_a_1.nii.gz,/mnt/hwfile/medai/zhangxiaoman/DATA/CT-RATE/dataset/train_preprocessed/train_97/train_97a/train_97_a_1.nii.gz
train_980_a_1.nii.gz,/mnt/hwfile/medai/zhangxiaoman/DATA/CT-RATE/dataset/train_preprocessed/train_980/train_980a/train_980_a_1.nii.gz
train_981_a_1.nii.gz,/mnt/hwfile/medai/zhangxiaoman/DATA/CT-RATE/dataset/train_preprocessed/train_981/train_981a/train_981_a_1.nii.gz
train_982_a_1.nii.gz,/mnt/hwfile/medai/zhangxiaoman/DATA/CT-RATE/dataset/train_preprocessed/train_982/train_982a/train_982_a_1.nii.gz
train_983_a_1.nii.gz,/mnt/hwfile/medai/zhangxiaoman/DATA/CT-RATE/dataset/train_preprocessed/train_983/train_983a/train_983_a_1.nii.gz
train_984_a_1.nii.gz,/mnt/hwfile/medai/zhangxiaoman/DATA/CT-RATE/dataset/train_preprocessed/train_984/train_984a/train_984_a_1.nii.gz
train_985_a_1.nii.gz,/mnt/hwfile/medai/zhangxiaoman/DATA/CT-RATE/dataset/train_preprocessed/train_985/train_985a/train_985_a_1.nii.gz
train_986_a_1.nii.gz,/mnt/hwfile/medai/zhangxiaoman/DATA/CT-RATE/dataset/train_preprocessed/train_986/train_986a/train_986_a_1.nii.gz
train_986_b_1.nii.gz,/mnt/hwfile/medai/zhangxiaoman/DATA/CT-RATE/dataset/train_preprocessed/train_986/train_986b/train_986_b_1.nii.gz
train_986_c_1.nii.gz,/mnt/hwfile/medai/zhangxiaoman/DATA/CT-RATE/dataset/train_preprocessed/train_986/train_986c/train_986_c_1.nii.gz
train_987_a_1.nii.gz,/mnt/hwfile/medai/zhangxiaoman/DATA/CT-RATE/dataset/train_preprocessed/train_987/train_987a/train_987_a_1.nii.gz
train_988_a_1.nii.gz,/mnt/hwfile/medai/zhangxiaoman/DATA/CT-RATE/dataset/train_preprocessed/train_988/train_988a/train_988_a_1.nii.gz
train_989_a_1.nii.gz,/mnt/hwfile/medai/zhangxiaoman/DATA/CT-RATE/dataset/train_preprocessed/train_989/train_989a/train_989_a_1.nii.gz
train_98_a_1.nii.gz,/mnt/hwfile/medai/zhangxiaoman/DATA/CT-RATE/dataset/train_preprocessed/train_98/train_98a/train_98_a_1.nii.gz
train_990_a_1.nii.gz,/mnt/hwfile/medai/zhangxiaoman/DATA/CT-RATE/dataset/train_preprocessed/train_990/train_990a/train_990_a_1.nii.gz
train_991_a_1.nii.gz,/mnt/hwfile/medai/zhangxiaoman/DATA/CT-RATE/dataset/train_preprocessed/train_991/train_991a/train_991_a_1.nii.gz
train_992_a_1.nii.gz,/mnt/hwfile/medai/zhangxiaoman/DATA/CT-RATE/dataset/train_preprocessed/train_992/train_992a/train_992_a_1.nii.gz
train_993_a_1.nii.gz,/mnt/hwfile/medai/zhangxiaoman/DATA/CT-RATE/dataset/train_preprocessed/train_993/train_993a/train_993_a_1.nii.gz
train_994_a_1.nii.gz,/mnt/hwfile/medai/zhangxiaoman/DATA/CT-RATE/dataset/train_preprocessed/train_994/train_994a/train_994_a_1.nii.gz
train_994_b_1.nii.gz,/mnt/hwfile/medai/zhangxiaoman/DATA/CT-RATE/dataset/train_preprocessed/train_994/train_994b/train_994_b_1.nii.gz
train_994_c_1.nii.gz,/mnt/hwfile/medai/zhangxiaoman/DATA/CT-RATE/dataset/train_preprocessed/train_994/train_994c/train_994_c_1.nii.gz
train_994_d_1.nii.gz,/mnt/hwfile/medai/zhangxiaoman/DATA/CT-RATE/dataset/train_preprocessed/train_994/train_994d/train_994_d_1.nii.gz
train_994_e_1.nii.gz,/mnt/hwfile/medai/zhangxiaoman/DATA/CT-RATE/dataset/train_preprocessed/train_994/train_994e/train_994_e_1.nii.gz
train_995_a_1.nii.gz,/mnt/hwfile/medai/zhangxiaoman/DATA/CT-RATE/dataset/train_preprocessed/train_995/train_995a/train_995_a_1.nii.gz
train_996_a_1.nii.gz,/mnt/hwfile/medai/zhangxiaoman/DATA/CT-RATE/dataset/train_preprocessed/train_996/train_996a/train_996_a_1.nii.gz
train_997_a_1.nii.gz,/mnt/hwfile/medai/zhangxiaoman/DATA/CT-RATE/dataset/train_preprocessed/train_997/train_997a/train_997_a_1.nii.gz
train_998_a_1.nii.gz,/mnt/hwfile/medai/zhangxiaoman/DATA/CT-RATE/dataset/train_preprocessed/train_998/train_998a/train_998_a_1.nii.gz
train_998_b_1.nii.gz,/mnt/hwfile/medai/zhangxiaoman/DATA/CT-RATE/dataset/train_preprocessed/train_998/train_998b/train_998_b_1.nii.gz
train_998_c_1.nii.gz,/mnt/hwfile/medai/zhangxiaoman/DATA/CT-RATE/dataset/train_preprocessed/train_998/train_998c/train_998_c_1.nii.gz
train_999_a_1.nii.gz,/mnt/hwfile/medai/zhangxiaoman/DATA/CT-RATE/dataset/train_preprocessed/train_999/train_999a/train_999_a_1.nii.gz
train_99_a_1.nii.gz,/mnt/hwfile/medai/zhangxiaoman/DATA/CT-RATE/dataset/train_preprocessed/train_99/train_99a/train_99_a_1.nii.gz
train_9_a_1.nii.gz,/mnt/hwfile/medai/zhangxiaoman/DATA/CT-RATE/dataset/train_preprocessed/train_9/train_9a/train_9_a_1.nii.gz
